Signatur;Kategorie;Schreiber;Empfaenger;Datierung;Ort;Regest;Bemerkungen;Olim;InterneBemerkung;ErfasstVon;ErfasstAm;GeaendertAm;Exportiert;ExportiertAm;ExportHinweis
9.6.1;Brief;Doerr, August von;vermutl. P. Joseph Schock;19120626;Smilkau, Böhmen;Anfrage zu Informationen über Martin Gastgeb, Hofrichter zu Seitenstetten, im Jahr 1568 ;;Autographensammlung A2, Adel 1;;;;;;;
9.6.2;Visitenkarte;Eiselsberg, Eugenie Edle von;;18790927;Linz;Glückwünsche zum Namensfest;;Autographensammlung A2, Adel 1;;;;;;;
9.6.3;Visitenkarte;Fabrici, Erwin Edler von Südwalden;;;;;;Autographensammlung A2, Adel 1;;;;;;;
9.6.4;Visitenkarte;Friedrich, Josef Ritter von Stromfeld;;19129999;;;;Autographensammlung A2, Adel 1;;;;;;;
9.6.5;Brief;Gutmann-Wodianer, Ida von;;;Wien;"Dank für schöne Karten und Ex Libris und Versicherung sich ""auf möglichst interessante Art zu revanchieren""";;Autographensammlung A2, Adel 1;;;;;;;
9.6.6;Foto;;;18730223;;Zur freundlichen Erinnerung an den alten Gefährten;;Autographensammlung A2, Adel 1;;;;;;;
9.6.7;Visitenkarte;Libianchi, Emilia;;;;;nata Giulj;Autographensammlung A2, Adel 1;;;;;;;
9.6.8;Visitenkarte;Mayr von Melnhof, Marie;;;;;;Autographensammlung A2, Adel 1;;;;;;;
9.6.9;Visitenkarte;Mertens, Gisela von;;;;;geb. Gräfin Forgach;Autographensammlung A2, Adel 1;;;;;;;
9.6.10;Visitenkarte;Neumann-Ettenreich, Dr. Robert von ;;;;;k.k. Landesgerichtsrath und a.o. Professor an der k.u.k. orientalischen Akademie;Autographensammlung A2, Adel 1;;;;;;;
9.6.11;Fragment;Posch, Johann Michael (?);;;;;Jahreszahl 1768 handschriftlich auf dem Blatt vermerkt;Autographensammlung A2, Adel 1;;;;;;;
9.6.12;Visitenkarte;Sperl de Raabthal, Francoise;;;;Glück- und Segenswünsche zum Jahreswechsel;;Autographensammlung A2, Adel 1;;;;;;;
9.6.13;Brief;Frau von Taulow;;19040223;;Bitte um Auskunft über den Student Julius Seelig, der 1903 im Stift Seitenstetten maturiert hat und  ihrem 11-jährigen Sohn Privatunterricht erteilen soll;geb. Baronin Bieschin;Autographensammlung A2, Adel 1;;;;;;;
9.6.14;Visitenkarte;Wolf de Törcsvár, Carl ;;;;;Hof- und Ministerialrath im Ministerium des kais. u. kön. Hauses und des Äußern;Autographensammlung A2, Adel 1;;;;;;;
9.6.15;Visitenkarte;Zimmeter, Alois von ;;18890222;;Einladung zu einer einfachen Abendunterhaltung;Landesbuchhalter i.P.;Autographensammlung A2, Adel 1;;;;;;;
9.6.16;Brief;Zimmeter, Alois ;;18890226;Innsbruck;Verschiebung der Abendunterhaltung wegen Todesfall;;Autographensammlung A2, Adel 1;;;;;;;
9.6.17;Brief;Zimmeter, Alois ;;18920213;Innsbruck;Dank für Anteilnahme am Tod seiner Gattin;;Autographensammlung A2, Adel 1;;;;;;;
9.6.18;Partezettel;Zimmeter-Treuherz, Alois von;Schock, P. Josef;18920116;Innsbruck;Partezettel von Josefine Zimmeter, Edle von Treuherz;;Autographensammlung A2, Adel 1;;;;;;;
9.6.19;;;;;;Abhandlung über das polnische Wappen Slepowron ;;Autographensammlung A2, Adel 1;;;;;;;
9.6.20;Karte;Bachofen von Echt, Karl Adolf von;;18990306;Wien;übersendet Neujahrskarten;;Autographensammlung A2, Adel 1;;;;;;;
9.6.21;Brief;;;18961127;Regensburg;die Fürstin Thurn und Taxis kommt einem Ansuchen nach und lässt eine Farb-Skizze übersenden;vom Fürstlichen Thurn und Taxischen Hofmarschallamt ausgefertigt und von Hofmarschall Baron von Beckendorf unterschrieben. Die Fürstin Thurn und Taxis damals war eine geborene Erzherzogin von Österreich - Margarete Klementine (1870-1955), Tochter von Erzherzog Karl Ludwig. Ihr Mann war Fürst Albert von Thurn und Taxis (1867-1952);Autographensammlung A2, Adel 1;;;;;;;
9.6.22;Visitenkarte;Kenner, Anton Ritter von;;;;;;Autographensammlung A2, Adel 1;;;;;;;
9.6.23;Visitenkarte;Bellmond, Karl Edler von Adlerhorst;;;;;Oberst;Autographensammlung A2, Adel 1;;;;;;;
9.6.24;Visitenkarte;Catharin, Friederike;;;;;;Autographensammlung A2, Adel 1;;;;;;;
9.6.25;Visitenkarte;Cishini, Madame de;;;;;;Autographensammlung A2, Adel 1;;;;;;;
9.6.26;Fragment;Dobner von Dobenau, Fritz;;;;;" k.u.k. Truchsess - Die Unterschrift - offensichtlich aus einem Brief - ist auf ein Blatt Papier geklebt und das Wort ""Kunstmäzen"" ist handschriftlich dazu vermerkt.";Autographensammlung A2, Adel 1;;;;;;;
9.6.27;Visitenkarte;Elverth, le chevalier Alfred de;;;;;Capitaine;Autographensammlung A2, Adel 1;;;;;;;
9.6.28;Visitenkarte;Fraydenegg-Monzello, Otto Ritter von;;18860513;;Er teilt mit, dass S.Ex. der Herr Unterrichtsminister gegen 2 Uhr vom Abgeordnetenhaus zurück sein und in seinem Büro am Minoritenplatz empfangen wird.;K.K. Minist.-Vice-Secretaer;Autographensammlung A2, Adel 1;;;;;;;
9.6.29;Visitenkarte;Gaal, Sidonie de;;;;;née Baronne Pöck;Autographensammlung A2, Adel 1;;;;;;;
9.6.30;Visitenkarte;Grimburg, Adolf Ritter v.;;;Baden bei Wien;;;Autographensammlung A2, Adel 1;;;;;;;
9.6.31;Visitenkarte;Hardt, Dr. Emil Ritter von und Frau;;;Reichsratsstraße 19, Wien, 1. Bezirk;ergebene Glückwünsche;Die Adresse ist von anderer Hand hinten auf die Visitenkarte geschrieben.;Autographensammlung A2, Adel 1;;;;;;;
9.6.32;Visitenkarte;Hattingberg, Josef Ritter von;;;;"übersendet einen Entwurf des Coratoriums der NÖ Landeshypothekenanstalt und bittet um Rücksprache über das ""genannte Elaborat""";rechtskundiger Director der N.Ö. Landes Hypotheken Anstalt;Autographensammlung A2, Adel 1;;;;;;;
9.6.33;Visitenkarte;Jongh, Francis de;;;;;;Autographensammlung A2, Adel 1;;;;;;;
9.6.34;Brief;Kallay, Vilma von;;19140623;;Dank für eine empfangene Photographie, Freude über Lebenszeichen aus Bosnien, würde sich über Besuch ihrer Freundin, an die der Brief gerichtet ist, und deren Gemahl freuen;Dem Brief liegt ein unterschriebenes Foto von Vilma Kallay bei, das ebenfalls die Signatur 9.6.34 erhalten hat.;Autographensammlung A2, Adel 1;;;;;;;
9.6.35;Visitenkarte;Kamler, Heinrich Ritter von;;;;;k.k. Hofrath, Vorstand der k.k. Post- und Telegraphen-Direktion für Oesterreich u.d. Enns;Autographensammlung A2, Adel 1;;;;;;;
9.6.36;Visitenkarte;Kisslinger, Ritter v.;;;Wollzeile 9 ;;k.k. Feldmarschallieutenant;Autographensammlung A2, Adel 1;;;;;;;
9.6.37;Visitenkarte;Kogerer, Heinrich Ritter von;;;;;k.k. Hofrath und General-director der Kaiser-Franz-Josef-Bahn;Autographensammlung A2, Adel 1;;;;;;;
9.6.38;Visitenkarte;Jaden, Irma Krticzka;;;;;;Autographensammlung A2, Adel 1;;;;;;;
9.6.39;Visitenkarte;Lakenbacher, Dr. Felix von;;;;;;Autographensammlung A2, Adel 1;;;;;;;
9.6.40;Visitenkarte;Le Fort, Madame Thérès de;;;;;neé de Koerber, handschriftlich vermerkt: Nichte Sr. exzellenz des Stadthalters Conrad v. Eybesfeld;Autographensammlung A2, Adel 1;;;;;;;
9.6.41;Brief;Litzelhofen, Julie von;Friess, Gottfried;18751227;Wien, 3. Bezirk, Heumarkt 13;"Julie von Litzelhofen übersendet ein Werk (""Österreichische Rechtsbücher des Mittelalters"") ihres verstorbenen ersten Gatten J. P. Kaltenbaeck an die Stiftsbibliothek, da er dafür im Stiftsarchiv forschen durfte.";"Brief ist gerichtet an ""Hochwürdigster Herr Bibliothekar!"" Julie von Litzelhofen war die Tochter von Peter Krafft, Direktor der k.k. Gemäldegalerie und Schloßhauptmann des Belvedere, und in erster Ehe verheiratet mit Johann Paul Kaltenbaeck, Geschichtsforscher (1804-1861)";Autographensammlung A2, Adel 1;;;;;;;
9.6.42;Visitenkarte;Princeps, Louis ;;;;;Chevalier;Autographensammlung A2, Adel 1;;;;;;;
9.6.43;Visitenkarte;Rabcewicz, August von;;;Graz, Landhaus;bittet seine herzlichste Gratulation entgegen zu nehmen;Direktor des steierm. Landes-Eisenbahn-Amtes;Autographensammlung A2, Adel 1;;;;;;;
9.6.44;Visitenkarte;Reininghaus, Herr und Frau Peter von;;;;;;Autographensammlung A2, Adel 1;;;;;;;
9.6.45;Visitenkarte;Reininghaus, Therese von;;;;Frau von Reininghaus fragt, ob Frau von Rochlitzer heute ihre Loge (Balkonloge 9) benützen wolle.;;Autographensammlung A2, Adel 1;;;;;;;
9.6.46;Visitenkarte;Reininghaus, J.P. von;;;;spricht seine Anteilnahme an einem schweren Trauerfall aus;;Autographensammlung A2, Adel 1;;;;;;;
9.6.47;Karte;Rebenburg, Hans von;;19081206;Graz;Dank für eine Gratulation;;Autographensammlung A2, Adel 1;;;;;;;
9.6.48;Karte;Rebenburg, Hans von;Höffler, Ritter von, Regierungsrat;19020621;Trofaiach;Korrespondenz über ein Gerücht;;Autographensammlung A2, Adel 1;;;;;;;
9.6.49;Karte;Rebenburg;;19080316;;;;Autographensammlung A2, Adel 1;;;;;;;
9.6.50;Karte;Rebenburg;;19061127;;Gratulation zur Auszeichnung;;Autographensammlung A2, Adel 1;;;;;;;
9.6.51;Visitenkarte;Ruber, Dr. Edler von;;;;;Oberlandesgerichts-Rath;Autographensammlung A2, Adel 1;;;;;;;
9.6.52;Visitenkarte;Rumler, Franz Edler von Aichenwehr;;;;fragt, ob er seinen Sohn, Student der 7. Klasse, besuchen kann;k.k. Ministerialrath - die Nachricht ist auf Latein geschrieben;Autographensammlung A2, Adel 1;;;;;;;
9.6.53;Visitenkarte;Sagburg, Günther von;;;;;k.k.n.ö. Statthalterei Concepts-Praktikant;Autographensammlung A2, Adel 1;;;;;;;
9.6.54;Brief;Reya, Alphons Ritter von;;18890830;Genua, bei der Riunione Adriatica di Sicurtà, Via Orefici Nr. 6;Der Absender übersendet ein Gesuch an die Gymnasialdirektion mit der Bitte an den Adressaten, dieses einzubegleiten und zu befürworten. Der Bittsteller verpflichte sich selbstverständlich, auf eigene Kosten dort zu leben und auf Wunsch ein curriculum vitae bekannt zu geben. ;;Autographensammlung A2, Adel 1;;;;;;;
9.6.55;Karte;Roessler;;18980302;;Beleidsbekundung;"Die Karte ist an eine ""gändige Frau"" gerichtet";Autographensammlung A2, Adel 1;;;;;;;
9.6.56;Brief;Schirl;;19029999;;Beratung in rechtlicher oder finanzieller Sache betreffend die Schwägerin des Adressaten;Da Grüße an den hw. Herrn Prälaten und die Herrn des Hauses ausgerichtet werden, liegt die Vermutung nahe, dass der Adressat ein Konvenutale des Stiftes Seitenstetten war.;Autographensammlung A2, Adel 1;;;;;;;
9.6.57;Brief;Szent-Ivany, Z. v.;;18880517;Budapest;Dank für die Vermittlung einer Audienz bei seiner Majestät;;Autographensammlung A2, Adel 1;;;;;;;
9.6.58;Visitenkarte;Schreiner, Herr und Frau Dr. Moritz Ritter von;;19081115;;herzliche Glückwünsche an den lieben Freund zum Geburtstag;;Autographensammlung A2, Adel 1;;;;;;;
9.6.59;Sterbebildchen;Skoda, Jaro Ritter von;;19040302;;;geboren 8. Juni 1846, gestorben 2. März 1904  - 2 Exemplare davon vorhanden;Autographensammlung A2, Adel 1;;Maria Prüller;2026-05-19;2026-05-26 13:41:31;Nein;;
9.6.60;Brief;Skoda;;19040414;Achleiten (?);Dank für die Anteilnahme am Tod ihres Gatten Jaro Ritter von Skoda;;Autographensammlung A2, Adel 1;;;;;;;
9.6.61;Brief;Szmrecsányi de Szmrecsány;Cziklay, Lajos;18961199;Martonvásár, Ungarn;Der Schreiber teilt mit, dass S.M. Erzherzog Joseph August und erzherzogin Augusta zwei beigefügte Bilder mit Unterschrift für das zu veröffentlichende Album zur Verfügung gestellt haben.;Lajos Cziklay, Zeitungsjournalist - Der im Brief angesprochene Erzherzog Joseph August (1872-1962) stammte aus dem ungarischen Zweig der Familie Habsburg. Seine Schwester war Margarete Klementine verheiratete Thurn und Taxis (siehe 9.6.21).;Autographensammlung A2, Adel 1;;Maria Prüller;2026-05-19;2026-05-26 11:15:44;Nein;;
9.6.62;Visitenkarte;Weber, Dr. August Ritter von;;19080412;Brioni, Italien;Dank für Glückwünsche;k.k. Sektionschef;Autographensammlung A2, Adel 1;;;;;;;
9.6.63;Visitenkarte;Vivante, Fortunato;;19080606;;Hr. Vivante ist einverstanden, einen Kredit nicht zu erweitern und genehmigt dem Empfänger die Reise und Spesen für Johannisthal jener Gesellschaft (zu Handen Herrn Tommasini) zu belasten.;noble de Villabella;;;Maria Prüller;2026-05-19;2026-05-26 11:15:21;Nein;;
9.6.64;Visitenkarte;Weyda von Lehrhofen, Lothar Ritter;;;Graz;Glückwünsche zur Auszeichnung;Polizeidirektor;Autographensammlung A2, Adel 1;;Maria Prüller;2026-05-26 11:16:49;2026-05-26 11:20:36;Nein;;
9.6.65;Visitenkarte;Zeettl, Monsieur et Madame Chevalier de;;18870803;;Glückwünsche;;Autographensammlung A2, Adel 1;;Maria Prüller;2026-05-26 11:20:47;2026-05-26 11:24:06;Nein;;
9.6.66;Visitenkarte;Zwölf, Carl Ritter von;;;;;k.k. Statthaltereirath;Autographensammlung A2, Adel 1;;Maria Prüller;2026-05-26 11:24:11;2026-05-26 11:25:25;Nein;;
9.6.67;Visitenkarte;Zettl, Madelaine de;;;;;;Autographensammlung A2, Adel 1;;Maria Prüller;2026-05-26 11:25:43;2026-05-26 11:28:07;Nein;;
9.6.68;Visitenkarte;Wieg, Dr. Edler von Wickenthal;;;;Glückwünsche zum Jahreswechsel;Ordinarius;Autographensammlung A2, Adel 1;;Maria Prüller;2026-05-26 11:28:13;2026-05-26 11:30:25;Nein;;
9.6.69;Fragment;Aichelburg-Labia;;18930804;;;auf der Vorderseite ist vermerkt: Bezirkshauptmann in Gmunden - und auf der Rückseite: Franz Freiherr Aichelburg-Labia, geb. 1856, 1882 Johanna Freiin Rauch v. Nyék, Kinder Franziska und Wolfgang;Autographensammlung A2, Freiherrn A-N;;Maria Prüller;2026-05-26 11:32:54;2026-05-26 11:45:31;Nein;;
9.6.70;Brief;Albon, Eugen Baron d';;19110201;Wien;Baron d'Albon übersendet seine Hauptschriften über den Kaiser und den Wiener Hof und würde sich sehr freuen, wenn er als Lohn die zum 50. Regierungsjubiläum von Se. Durchlaucht gestiftete Medaille mit dessen Brustbild erhalten könnte.;"Aus dem Brief geht nicht hervor, wer mit Se. Durchlaucht gemeint ist. Gerichtet ist der Brief an ""Euer Hochwohlgeboren, Sehr verehrter Herr Bibliothekar!""";Autographensammlung A2, Freiherrn A-N;;Maria Prüller;2026-05-26 11:45:44;2026-05-26 11:54:23;Nein;;
9.6.71;Brief;Altenstein, Baronin von;;;Wien;;als Datum ist nur angegeben: 28. Jänner, aber ohne Jahr;Autographensammlung A2, Freiherrn A-N;;Maria Prüller;2026-05-26 11:54:29;2026-05-26 12:46:01;Nein;;
9.6.72;Brief;Ankershofen, Julius Baron;Hönigl, Abt Dominik;19041213;Wien, 3. Bezirk,  Kolonitzgasse 10/ Tür 18;Der Absender dankt für früher erhaltene Hilfe und bittet um neuerliche Unterstützung, da er oft krank ist, verdienstlos und jetzt im Winter warme Kleidung und Heizmaterial braucht.;;Autographensammlung A2, Freiherrn A-N;;Maria Prüller;2026-05-26 12:46:03;2026-05-26 13:24:01;Nein;;
9.6.73;Brief;Ankershofen, Julius Baron;Hönigl, Abt Dominik;19041218;Wien, 3. Bezirk, Kolonitzgasse 10, Tür 18;"Der Absender bedankt sich für die Hilfe, die er am 17. Dezember angewiesen bekommen hat. Und er klagt darüber, dass er, als er sich in Wien an den Vorstand eines ""bekannten wolbestallten Stiftes"" um Hilfe gewandt hatte, ""binnen 3 Sekunden abgewiesen"" worden sei mit der Begründung, dass ihm als Adeligen der Adel helfen sollte. Und er wäre dankbar für eine Empfehlung, wo er sich um einen Posten berwerben könnte.";;Autographensammlung A2, Freiherrn A-N;;Maria Prüller;2026-05-26 13:05:45;2026-05-26 13:23:32;Nein;;
9.6.74;Karte;Atzel, Béla;;;;;Die Karte ist auf ungarisch geschrieben.;Autographensammlung A2, Freiherrn A-N;;Maria Prüller;2026-05-26 13:24:10;2026-05-26 13:28:34;Nein;;
9.6.75;Sterbebildchen;Mauchenheim genannt Bechtolsheim, Anton Freiherr von;;19040125;;;geboren zu Würzburg 13. Dezember 1834, gestorben zu Wien 25. Jänner 1904 - k.u.k. Geheimer Rat, general der kavallerie, Gardecapitain, Großkapitular des deutschen Ritterordens etc.;Autographensammlung A2, Freiherrn A-N;;Maria Prüller;2026-05-26 13:28:38;2026-05-26 13:42:11;Nein;;
9.6.76;Brief;Beck;;18920201;;Dank für eine Einladung;"Der Brief ist gerichtet an ""Verehrter Freund"". - Von anderern Hand auf der Rückseite notiert: Freidrich Freiherr (jetzt Graf) von Beck, geb. 1830, k.u.k. geh. Rat, Feldzeugmeister, Chef des Generalstabes des heeres, Inhaber des Inf. Reg. Nr. 47, seit 1861 verheiratet mit Anna Freiin Rzikowsky von Dobrzicz, Sohn Friedrich, geboren 1872";Autographensammlung A2, Freiherrn A-N;;Maria Prüller;2026-05-26 13:42:21;2026-05-26 13:54:14;Nein;;
9.6.77;Brief;Beulwitz (?);;19070607;Vöcklabruck;"Der Absender fragt, ob ihm der Adressat (""geehrter Herr Oberlehrer"") einen etwa 15-jährigen Schulabgänger nennen könnte, da er einen Gehilfen für seinen Diener sucht. Es sollte ein nett aussehender, flinker Bursche sein aus anständiger Familie.";;Autographensammlung A2, Freiherrn A-N;;Maria Prüller;2026-05-26 13:54:17;2026-05-26 14:10:06;Nein;;
9.6.78;Brief;Statthalterei NÖ;Oberndorfer, Johann;18930809;Wien;Anfrage an den Adressat, ob er einer Einladung der k.k. Finanzlandesdirektion Folge leisten würde zur Teilnahme an einer Beratung über die Verteilung und die Modalitäten des Bezuges von Viehsalz, das aufgrund eines Gesetzes vom 30. März 1893 hergestellt werden soll.;Johann Oberndorfer: Reichsraths- und Landtagsabgeordneter und Gemeindevorsteher in Weistrach. -  Die Karte 9.6.103 ist ebenfalls an einen Herrn Oberndorfer gerichtet, vermutlich an die gleiche Person. - Statthalter des Erzherzogtums Österreich unter der Enns war 1893 Friedrich Freiherr Bourguignon von Baumberg, von dem unter den Nummern 9.6.79-82 vier Visitenkarten dem Brief beiliegen.;Autographensammlung A2, Freiherrn A-N;;Maria Prüller;2026-05-26 14:10:53;2026-06-01 11:33:16;Nein;;
9.6.79;Visitenkarte;Bourguignon, Friedrich Freiherr von;;;;Dank für überaus gütige Glückwünsche;k.k. Statthalterei-Vice-Präsident;Autographensammlung A2, Freiherrn A-N;;Maria Prüller;2026-05-26 14:40:33;2026-05-26 14:45:18;Nein;;
9.6.80;Visitenkarte;Bourguignon, Friedrich Freiherr von;;;;Dank für die überaus gütige Erinnerung;;Autographensammlung A2, Freiherrn A-N;;Maria Prüller;2026-05-26 14:45:20;2026-05-26 14:49:15;Nein;;
9.6.81;Visitenkarte;Bourguignon, Friedrich Freiherr von;;;;drückt seinen wärmsten Dank aus;k.k Landes-Präsident;Autographensammlung A2, Freiherrn A-N;;Maria Prüller;2026-05-26 14:49:24;2026-05-26 14:53:20;Nein;;
9.6.82;Visitenkarte;Bourguignon, Baron und Baronin;;;;übermitteln beste Wünsche für das Jahr 1888;von anderer Hand darauf vermerkt: kk Statthaltereirath, I Schottenring 14;Autographensammlung A2, Freiherrn A-N;;Maria Prüller;2026-05-26 14:53:28;2026-05-26 14:55:47;Nein;;
9.6.83;Brief;Brandenstein, Freiherr von;;18670331;Dresden;;;Autographensammlung A2, Freiherrn A-N;;Maria Prüller;2026-05-26 14:56:08;2026-05-26 15:06:11;Nein;;
9.6.84;Fragment;Boul, Freiherr;;;18602311;Ersuchen um Ersatz des abhandengekommenen Blattes Nr. VIII;"k.k. Reichsrath - hinten von anderer Hand vermerkt: Franz Freiherr von Boul-Bernburg, geb. 1794 sowie eine weitere Notiz in Kurzschrift endend auf ""Giovanelli""";Autographensammlung A2, Freiherrn A-N;;Maria Prüller;2026-05-26 15:06:13;2026-05-26 15:15:06;Nein;;
9.6.85;Brief;Conrad-Eybesfeld, Freiherr;Hönigl, Abt Dominik;18740915;Wien;Dank für freundliche Begrüßung und Ausdruck seiner besonderen Hochachtung und hohen Verehrung;;Autographensammlung A2, Freiherrn A-N;;Maria Prüller;2026-05-26 15:15:08;2026-05-26 15:22:20;Nein;;
9.6.86;Ausweis;Conrad-Eybesfeld, Freiherr;Unthamer, Georg;18729999;;Passkarte des Kaiserthums Österreich auf das Jahr 1872 für Herrn Georg Unthamer, Oberlehrer in Fischlham, Oberösterreich - ausgestellt vom KK Statthalter in Österreich ob der Enns, das war damals Sigmund Conrad Freiherr von Eybesfeld (1821-1898);k.k. Statthalter;Autographensammlung A2, Freiherrn A-N;;Maria Prüller;2026-05-26 15:22:22;2026-05-26 15:35:32;Nein;;
9.6.87;Brief;Cramer-Klett, Freiherr;Hönigl, Abt Dominik;19030114;München;Dank für Beantwortung eines Schreibens mit Verständnis für die Ablehung einer Bitte und dem Dank, diese Bitte nicht übel genommen zu haben.;;Autographensammlung A2, Freiherrn A-N;;Maria Prüller;2026-05-26 15:35:44;2026-05-26 15:52:17;Nein;;
9.6.88;Brief;Cramer-Klett;;19000523;Rom;Absender dankt für gütige Anerkennung seines Dankes. Worte aus einem Mund wie der des Empfängers seien Ermunterung und reichlich Entschädigung für akke Angriffe.;;Autographensammlung A2, Freiherrn A-N;;Maria Prüller;2026-05-26 15:52:22;2026-05-26 16:10:33;Nein;;
9.6.89;Visitenkarte;Cramer-Klett, Freiherr von;;;;"sendet in dankbarer Erinnerung Neujahrswünsche an ""Euer Gnaden und den ganzen Konvent von Seitenstetten""";erblicher Reichsrath der Krone Bayer;Autographensammlung A2, Freiherrn A-N;;Maria Prüller;2026-05-26 16:10:37;2026-05-26 16:19:44;Nein;;
9.6.90;Visitenkarte;Cramer-Klett, Freiherr;;;;mit herzlichem Dank;k.Kämmerer u. erblicher Reichsrath der Krone Bayern;Autographensammlung A2, Freiherrn A-N;;Maria Prüller;2026-05-26 16:19:47;2026-05-26 16:21:37;Nein;;
9.6.91;Karte;Cramer-Klett;Schock, P. Josef;;München;Dank und herzliche Wünsche für 1905 (?);;Autographensammlung A2, Freiherrn A-N;;Maria Prüller;2026-05-26 16:21:39;2026-05-26 16:30:54;Nein;;
9.6.92;Karte;Cramer-Klett;Schock, P. Josef;19130110 (?);Wien;herzlichen Dank und innigste Wünsche;;Autographensammlung A2, Freiherrn A-N;;Maria Prüller;2026-05-26 16:25:51;2026-05-26 16:30:11;Nein;;
9.6.93;Brief;Cramer-Klett;;;;übersendet Beileidbekundung zum plötzlichen Tod von P. Heinrich und bittet beiliegende (?) Gegenstände den Sammlungen des verstorbenen Paters einfügen zu wollen.;Empfänger ist vermutlich P. Josef Schock - Es handelt sich um P. Heinrich Hemetsberger, gest. 9.12.1906;Autographensammlung A2, Freiherrn A-N;;Maria Prüller;2026-05-26 16:31:02;2026-05-26 16:45:15;Nein;;
9.6.94;Karte;Cramer-Klett, Th.;Schock, P. Josef;19091111;;Dank für Gratulation;;Autographensammlung A2, Freiherrn A-N;;Maria Prüller;2026-05-26 16:45:18;2026-05-26 16:48:19;Nein;;
9.6.95;Karte;Cramer-Klett;Hemetsberger, P. Heinrich;19060215;München, Ottostraße 9;Cramer-Klett schickt P. Heinrich einige Siegel und Autogramme (u.a. eine Postkarte von der berühmten Schriftstellerin W. von Hillern und einen Brief von F.A. Kaulbach, Maler) und richtet grüße an P.Prior, P. Rochard, P. Gothard und P. Anselm sowie einen Handkuss an den gnädigsten Herrn aus.;"W. von Hillern = Wilhelmine von Hillern (1836-1916), deutsche Schriftstellerin, z.B. Autorin von ""Die Geier-Wally""; Kaulbach = Friedrich August Kaulbach (1850-1920), deutscher Maler";Autographensammlung A2, Freiherrn A-N;;Maria Prüller;2026-05-26 16:48:21;2026-05-26 17:05:36;Nein;;
9.6.96;Karte;Cramer-Klett, Th.;;19109999;Aschau;Glückwünsche zum Jahreswechsel und innigster Dank für güte Wünsche;;Autographensammlung A2, Freiherrn A-N;;Maria Prüller;2026-05-26 17:06:04;2026-05-26 17:09:18;Nein;;
9.6.97;Visitenkarte;Cramer-Klett, Freiherr von;;;;herzlichste Glückwünsche an alle Patres, die die Güte haben, sich an ihn zu erinnern;k. Kämmerer u. erblicher Reichsrath der Krone Bayern;Autographensammlung A2, Freiherrn A-N;;Maria Prüller;2026-05-26 17:09:37;2026-05-26 17:12:02;Nein;;
9.6.98;Brief;Cramer-Klett;;19110320;München;Dank an hochverehrten Herrn Professor, Euer Hochwürden, für die ihm in liebenswürdiger Weise dedicierte Broschüre, Beiträge zur Exlibris-Kunde aus dem Stift Seitenstetten;;Autographensammlung A2, Freiherrn A-N;;Maria Prüller;2026-05-26 17:12:13;2026-05-26 17:15:03;Nein;;
9.6.99;Karte;Cramer-Klett, Th.;Schock, P. Josef;19101112;Aschau;Dank für Gratulation;;Autographensammlung A2, Freiherrn A-N;;Maria Prüller;2026-05-26 17:15:07;2026-05-26 17:19:49;Nein;;
9.6.100;Karte;Cramer-Klett;;;Hohenaschau;herzlicher Dank für Glückwünsche und übersendet neue Autographe vom Prinzregenten von Bayern, von Herrn v. Batteny, Minister des Inneren;;Autographensammlung A2, Freiherrn A-N;;Maria Prüller;2026-05-26 17:19:52;2026-05-26 17:26:35;Nein;;
9.6.101;Karte;Cramer-Klett;Schock, P. Josef;19120325;München;herzlicher Dank für die Monographie mit Seitenstettner Einbänden;"mit dieser Monographie kann der Beitrag von P. Josef Schock im Jahrbuch der österreichischen Ex-Libris-Gesellschaft von 1911 gemeint sein: ""Die Supralibros des Stiftes Seitenstetten""";Autographensammlung A2, Freiherrn A-N;;Maria Prüller;2026-05-26 17:26:54;2026-06-01 10:32:27;Nein;;
9.6.102;Brief;Rimböck, Dr. Carl;Schock, P. Josef (vermutlich);19131011;Wien;"Dr. Rimböck schickt an ""Euer Hochwürden, sehr geehrter Herr Professor"" das versprochenen Autogramme des ehem. Wiener Bürgermeisters Ignaz Czapka aus der Zeit, als dieser noch Ritter war.";Dem Brief liegen ein Autogramm auf einer Legitimationskarte aus dem Jahr 1858 bei sowie ein Brief an das Polizeiministerium, die mit den Nummern 9.6.102a und 9.6.102b inventarisiert wurden.;Autographensammlung A2, Freiherrn A-N;;Maria Prüller;2026-06-01 10:32:33;2026-06-01 12:49:35;Nein;;
9.6.102a;Karte;;;18580831;Wien;Legitimationskarte N° 2836 für Ignaz Czapka, Ritter von Winstetten, k.k. Hofrath und Polizeidirektor, 63 Jahre alt;Lag dem Brief 9.6.102 bei. - Ignaz Czapka war 1838-1848 Bürgermeister von Wien und 1856-1859 Polizeidirektor von Wien.;Autographensammlung A2, Freiherrn A-N;;Maria Prüller;2026-06-01 10:44:29;2026-06-01 12:49:56;Nein;;
9.6.102b;Brief;Czapek, Ignaz;Polizei-Ministerium;18590921;;Bitte um Enthebung von seinem Dienstposten;Es handelt sich bei 9.6.102b vermutlich um das Deckblatt des Gesuchs an das Polizeiministerium. Das Datum darauf  ist von anderer Hand vermerkt. Lag dem Brief 9.6.102 von Dr. Rimböck betreffend Autogramme des ehem. Wiener Bürgermeisters Ignaz Czapek bei.;Autographensammlung A2, Freiherrn A-N;;Maria Prüller;2026-06-01 10:51:48;2026-06-01 12:50:16;Nein;;
9.6.103;Karte;Czedik;Oberndorfer;18960306;;Der Schreiber rät Herrn Oberndorfer sich in einer Angelegenheit betreffend Wartelokalitäten und eins Restaurationslocales direkt an den Eigentümer und die Bahndirektion zu wenden und versichert, dabei behilflich zu sein.;Unter 9.6.78 gibt es einen Brief der NÖ Statthalterei an Herrn Johann Oberndorfer, Reichsrat und Landtagsabgeordneter und Gemeindevorsteher in Weistrach. Vermutlich handelt es sich beim Adressaten dieses Briefes ebenfalls um diese Person.;Autographensammlung A2, Freiherrn A-N;;Maria Prüller;2026-06-01 11:00:42;2026-06-01 11:35:56;Nein;;
9.6.104;Fragment;Dalberg, Friedrich Freiherr von;;;;"Unterschrift ""Friedrich Fr. v. Dalberg""";"Fragment aus einem Brief mit der Unterschrift ""Friedrich Fr. v. Dalberg"" - Es könnte sich dabei um Friedrich Ferdinand Frh. von Dalberg (1822-1908), Mitglied des Österr. Herrenhauses, Mitglied der Zoologisch-Botanischen Gesellschaft Wien, handeln oder um seinen Sohn Friedrich X. Frh. von Dalberg, (1863-1914), ehem. Schüler des Stiftsgymnasiums Melk, Redakteur der Katholischen Arbeiterzeitung und Mitbegründer der Zeitung ""Reichspost"".";Autographensammlung A2, Freiherrn A-N;;Maria Prüller;2026-06-01 11:36:07;2026-06-01 11:54:11;Nein;;
9.6.105;Fragment;Dercsényi, Baron Béla;;;;Unterschrift von Baron Béla Dercsény auf einem Brieffragment;"Handschriftlich auf dem Blatt, auf dem das Autogramm aufgeklebt ist, ist vermerkt: ""Adelbert (Bela) Dercsényi de Dercseny, geb. 1847, 24 Unter-Počernitz (Böhmen), verh. 1878 zu Krems mit Laura Freiin von Menßhengen (geb. 1856)""";Autographensammlung A2, Freiherrn A-N;;Maria Prüller;2026-06-01 11:54:14;2026-06-01 13:06:43;Nein;;
9.6.106;Brief;Klinger, Moritz;k.k. priv. Wien-Gloggnitzer-Eisenbahn-Direktion;18460701;Wien;Ansuchen des Herrn Moritz Klinger um Verleihung einer Gepäcks-Expeditors-, Magazinärs- oder Kondukteurs-Stelle auf einem der Bahnhöfe der Direktion der k.k. priv. Wien-Gloggnitzer Eisenbahn;"darauf von anderern Hand vermerkt: ""Dieses Gesuch kann ich bestens anempfehlen vorzugsweise zu  ….."" Unterschrift ""Doblhoff"" - und wieder von anderern Hand mit Bleistift: ""Anton Frh. v. Doblhoff Dier Diplomat, kk Gesandter etc.  n. 10/11/1800, +20/1/1853"" - Es handelt sich dabei vermutlich um Anton Frh. von Doblhoff-Dier (1800-1872), war Mitglied des Österreichischen Reichsrats, Handeslminister, 1848  kurzfristi Innen- und Unterrichtsminister sowie Ministerpräsident, 1849-1858 Gesandter in den Niederlanden, 1861-1867 Abg. zum Landtag von NÖ, ab 1867 Mitglied des Herrenhauses";Autographensammlung A2, Freiherrn A-N;;Maria Prüller;2026-06-01 13:06:45;2026-06-01 14:24:39;Nein;;
9.6.107;Brief;Doblhoff;Perin (?);18560725;Haag;Schreiben Doblhoffs an den Schüler Perin betreffend Lernfortschritt und Übersendung von 50 Gulden als Beitrag für eine Ferienreise;;Autographensammlung A2, Freiherrn A-N;;Maria Prüller;2026-06-01 13:33:41;2026-06-01 14:37:31;Nein;;
9.6.108;Visitenkarte;Doblhoff, Le Baron de;;;;;ebenfalls aufgedruckt auf die Visitenkarte: Envoyé Extraordinaire & Ministre Plénipotentiaire  de S. M. l'Empereur d'Autriche, &c. près S. M. le Roi des Pays-Bas. - handschriftlich darauf notiert: à La Hage en Hollande;Autographensammlung A2, Freiherrn A-N;;Maria Prüller;2026-06-01 14:24:42;2026-06-01 14:34:01;Nein;;
9.6.109;Brief;Doblhoff;;18760317;;"Brief gerichtet an einen ""verehrten Freund"" mit der Einladung, am 17. März um 5 Uhr zu ihm zu kommen, um die vorhandene Arbeit anzupacken.";"geschrieben auf dem Briefpapier des ""Comité zur Gründung eines Wissenschaftlichen Clubs in Wien""";Autographensammlung A2, Freiherrn A-N;;Maria Prüller;2026-06-01 14:34:04;2026-06-01 14:44:25;Nein;;
9.6.110;Karte;Eichendorff, Frh. Von;;Wiesbaden;19070227;Dank für liebenswürdige Zuschrift und Übersendung eines Siegelabdrucks, den der Absender durch Zufall erhalten hatte, Bücherzeichen hätte er aber keines.;;Autographensammlung A2, Freiherrn A-N;;Maria Prüller;2026-06-01 14:44:29;2026-06-01 15:09:06;Nein;;
9.6.111;;Esebeck;;;;;Der Name Baron v. Esebeck ist mit Bleistift von anderer Hand auf die Karte geschrieben, die Unterschrift selbst ist unleserlich.;Autographensammlung A2, Freiherrn A-N;;Maria Prüller;2026-06-01 14:52:40;2026-06-01 15:09:44;Nein;;
9.6.112;Brief;Esebeck;;18820724;;;"Der Name Baron v. Esebeck ist mit Bleistift von anderer Hand auf die Karte geschrieben, die Unterschrift selbst ist unleserlich.
Auf der Rückseite des Briefes ist ebenfalls mit Bleistift notiert: ""Auf ungefettetem Leder für ….. geeignet."" und ""2 graue helle (?) - Buchbinder Lysatzowsky (?) V Liebenbrunnengasse 8""";Autographensammlung A2, Freiherrn A-N;;Maria Prüller;2026-06-01 14:56:52;2026-06-01 15:18:19;Nein;;
9.6.113;Visitenkarte;Fellner von Feldegg, Heinrich Freiherr;;;;spricht sein herzliches Beileid aus;"Auf der Rückseite ist mit Bleistift von anderer Hand (von P. Josef Schock ?) vermerkt:
""geb. 1820, k.k. Sektionschef, Präsident d. allgem. Versorgungsanstalt in Wien, verh. 1851 mit Wilhelmine von Murmann, Kinder Peter, Robert, Theodora, Hermine"" 
Heinrich Freiherr Fellner von Feldegg war Sektionschef am Rechnungshof, und u.a. Präsident der Donauregulierungskommission und beschloss 1864 mit dem Geologen Eduard Suess und Vizebürgermeister Cajetan Felder den Plan zur Verwirklichung der Wiener Hochquellenwasserleitung.";Autographensammlung A2, Freiherrn A-N;;Maria Prüller;2026-06-01 15:18:32;2026-06-01 15:29:43;Nein;;
9.6.114;Fragment;;;;;"Unterschrift ""Dein Georg""";"Fragment (Unterschrift) eines Briefes, mit Bleistift dazu notiert: ""Zentrumsführer zum ..…""
Auf dem Blatt, auf das die Unterschrift aufgeklebt ist, steht außerdem ""Georg Freiherr v. Frankenstein, Zentrumsführer"".
Georg Arbogast von und zu Franckenstein (1825-1900) war bayerischer Reichsrat und Abgeordneter, ab 1875 Vorsitzender der katholischen Zentrumspartei im Deutschen Reichstag.";Autographensammlung A2, Freiherrn A-N;;Maria Prüller;2026-06-01 15:29:55;2026-06-01 15:39:14;Nein;;
9.6.115;Visitenkarte;Fraydenegg u. Monzello, Otto Freiherr v.;;;Graz (?), Kroisbachgasse 4;Allerherzlichste Glückwünsche;"auf die Visitenkarte ist gedruckt: ""k.k. Landespräsident a.D.""
Otto Maria Freiherr Fraydt von Fraydenegg und Monzello (1851-1939) war von 1897-1903 Landespräsident in Kärnten, 1905-1919 Abgeordneter zum Steiermärkischen Landtag und 1932-1938 Präsident des Kuratoriums des Landesmuseums Joanneum in Graz.";Autographensammlung A2, Freiherrn A-N;;Maria Prüller;2026-06-01 15:39:18;2026-06-01 15:46:41;Nein;;
9.6.116;Brief;Fries, Alfred Baron;Hönigl, Abt Dominikus;18950308;Wien;Baron Fries schickt als Bewohner des Seitenstettnerhofes herzliches Beileid zum Ableben des Stiftshofmeisters P. Gerard Bautraxler.;Postsecretär im k.k. Handels-Ministerium;Autographensammlung A2, Freiherrn A-N;;Maria Prüller;2026-06-01 15:46:44;2026-06-01 16:08:02;Nein;;
9.6.117;Fragment;Gagern, C. Gräfin;;;;;"Fragment eines Briefkuverts mit rotem Lacksiegel, beschriftet: ""C. Gräfin Gagern, Herrin im Sacré coeur Wien""
C. Gräfin Gagern ist höchstwahrscheinlich Clementine von Gagern, die zunächst Oberin in Riedenburg war, dann Provinzialoberin und die sich 1891 gemeinsam mit Erzherzogin Marie Valerie für den Erwerb eines Grundstückes im Wienerwald eingesetzt hat, wo Dank dieses Einsatzes und einer Schenkung Kaiser Franz Josephs 1892 das Sacré Coeur Pressbaum gegründet werden konnte, das sie dann leitete.";Autographensammlung A2, Freiherrn A-N;;Maria Prüller;2026-06-01 16:08:04;2026-06-01 16:39:41;Nein;;
9.6.118;Fragment;Gagern, C. von;;18940524;Pressbaum;Ausdruck vorzüglichster Hochachtung;"Oberin im Sacré coeur Kloster
Vermutlich nur ein Teil eines (eventuell zum Briefkuvertfragment 9.6.117 gehörenden) Briefes.";Autographensammlung A2, Freiherrn A-N;;Maria Prüller;2026-06-01 16:11:48;2026-06-01 16:33:02;Nein;;
9.6.119;Brief;Grote;Habsburg, Leopold Salvator Erzherzog;19090120;Wien, XIII, Penzingerstraße 9;Bitte um Vormerkung zur Audienz bei Ihren Kaiserlichen und Königlichen Hoheiten;"Auf dem Briefpapier ist oben links im Reliefdruck eingedruckt: ""Hofmarschall-Amt S. Königlichen Hoheit des Herzogs von Cumberland Herzog zu Braunschweig  und Lüneburg"" samt Wappen
Genauer Wortlaut des Empfängers: ""An die Kammervorstehung Seiner Kaiserlichen und Königlichen Hoheit des Durchlauchtigsten Erzherzogs Leopold Salvator in Wien""
Der Brief ist in der Mitte in zwei Teile gerissen.";Autographensammlung A2, Freiherrn A-N;;Maria Prüller;2026-06-01 16:40:54;2026-06-01 16:50:31;Nein;;
9.6.120;Fragment;Gudenus, H.;;;;"nur das Autogramm: ""H. Gudenus""";"Handschriftlich (von P. Josef Schock ?) auf das Papier, auf dem die Unterschrift aufgeklebt ist, angemerkt:
""Heinrich Freiherr v. Gudenus, Fideikommißherr, Herrenhausmitglied, geb. 1839, verm. 1872 mit Ernestine Gräfin Thun und Hohenstein (Waidhofen a.d. Thaya)""";Autographensammlung A2, Freiherrn A-N;;Maria Prüller;2026-06-01 16:50:34;2026-06-01 16:54:49;Nein;;
9.6.121;Fragment;Gudenus;;18760307;Thannhausen;;"Unterschrift, Datum und Ortsangabe aus einem Brief
Handschriftlich (von P. Josef Schock?) auf dem Blatt, auf dem die Unterschrift aufgeklebt ist, vermerkt:
""Ernst Ferdinand Freiherr v. Gudenus, geb. 1833, Herr auf Thannhausen, Külbel, Waxenegg u. Fronsperg, Kämmerer, verm. 1866 mit Anna Gräfin Schönborn-Buchheim""";Autographensammlung A2, Freiherrn A-N;;Maria Prüller;2026-06-01 17:09:05;2026-06-01 17:22:15;Nein;;
9.6.122;Brief;Hammer-Purgstall, Gisela v.;;19020820;Schloss Hautzenbichl bei Knittelfeld;Archivbesuch in Hainfeld ist möglich, um dort zu fotografieren, den Termin möge Hochwürden direkt mit ihrem Schwager Baron Heinrich Hammer-Purgstall, k.k. Statthaltereirath in Graz, vereinbaren;;Autographensammlung A2, Freiherrn A-N;;Maria Prüller;2026-06-01 17:22:21;2026-06-01 18:05:17;Nein;;
9.6.123;Karte;Hammerstein;Oberndorfer;18921128;Sitzenthal bei Loosdorf;Bitte um Hinweis zu Mittel gegen Maul- und Klauenseuche (Cresolin oder Creolin?);"Die Karte ist gerichtet an Herrn Oberndorfer,  Bürgermeister und Reichsraths- u. Landtagsabgeordneter in Weistrach bei St. Peter (unter 9.6.78, 9.6.103 und 9.6.125 gibt es weitere Schriftstücke an Herrn Oberndorfer)
Von anderer Hand in Bleistift auf der Karte vermerkt: ""Helge Freiherr v. Hammerstein, gest. 26.4.93, verm. 1867 mit Sophie Gräfin Stolberg-Stolberg (geb. 1839)""";Autographensammlung A2, Freiherrn A-N;;Maria Prüller;2026-06-01 18:05:19;2026-06-01 18:29:38;Nein;;
9.6.124;Fragment;Hammerstein;;18851231;Sitzenthal;;Fragment eines Briefes mit Unterschrift, Ort und Datum;Autographensammlung A2, Freiherrn A-N;;Maria Prüller;2026-06-01 18:15:16;2026-06-01 18:17:58;Nein;;
9.6.125;Karte;Hammerstein;Oberndorfer, I.;18830324;Sitzenthal;Einladung an Herrn Oberndorfer (auf speziellen Wunsch des Grafen Falk) und seines eigenen (Hammersteins) zu einer vertraulichen Sitzung am 29. März 1883 nach St. Pölten und schon am Abend vorher nach Sitzenthal.;"Reichsrathsabgeordneter, Bürgermeister etc. etc.
Unter 9.6.78, 9.6.103 und 9.6.123 gibt es weitere Schriftstücke an Herrn Oberndorfer (von verschiedenen Absendern).
Mit Bleistift auf der Karte vermerkt: ""Baron Hammerstein""";Autographensammlung A2, Freiherrn A-N;;Maria Prüller;2026-06-01 18:18:01;2026-06-01 18:33:06;Nein;;
9.6.126;Visitenkarte;Hammerstein, Major Baron;;19080312;Wien, Hotel Meissl;"Bittet den Empfänger (""Lieber Freund""), ihn für eine Audienz bei den k.u.k. Hoheiten vorzumerken";"k.u.k. Gesandter
Arnold von Hammerstein-Equord (1860-1933) war preußischer Generalleutnant und Militärattaché.";Autographensammlung A2, Freiherrn A-N;;Maria Prüller;2026-06-08 10:35:53;2026-06-08 10:54:11;Nein;;
9.6.127;Fragment;Helfert;;18910416;Wien, 3. Bezirk, Reisnerstraße 11;;"Insg. sind 3 Fragmente mit den Unterschriften Helferts auf ein Blatt Papier geklebt. Zwei sind datiert (16. Aprilis 1891 und 11. November 1891, die mittlere nicht. Auf der mittleren ist eine Notiz in Gabelsberger Kurzschrift, die als Geburtsjahr des Herrn Helfert 1820 angibt. 
Demnach könnte es sich um Joseph Alexander Freiherr von Helfert (1820-1910) handeln, geb. in Prag, verstorben in Wien, Jurist, Historiker und Staatsmann. Ihm verdankt die Universität Wien die Gründung des Instituts für österreichische Geschichtsforschung.";Autographensammlung A2, Freiherrn A-N;;Maria Prüller;2026-06-08 10:54:15;2026-06-08 11:05:43;Nein;;
9.6.128;Visitenkarte;Henneberg, Anton Baron;;;;Glückwünsche zum heutigen hohen Festtage;;Autographensammlung A2, Freiherrn A-N;;Maria Prüller;2026-06-08 11:05:46;2026-06-08 11:08:24;Nein;;
9.6.129;Fragment;Hohenhausen, Freiherr von;;;München, Fürstenstraße 5;;Coupon zur Post-Paketadresse mit Name und Wohnort des Absenders, am Poststempel nur 26. Feb. lesbar, aber nicht die Jahreszahl;Autographensammlung A2, Freiherrn A-N;;Maria Prüller;2026-06-08 11:08:27;2026-06-08 11:43:31;Nein;;
9.6.130;Fragment;Inkey, Sandor Palini;;;;;"nur Unterschrift aufgeklebt auf Papier 
von anderer Hand dazugeschrieben: ""Kumaras"" (?)";Autographensammlung A2, Freiherrn A-N;;Maria Prüller;2026-06-08 11:11:36;2026-06-08 11:39:37;Nein;;
9.6.131;Brief;Karg, Lorle;;;Pola, Via dell' ospedale 39;"erlaubt sich,  dem Empfänger (""Hochwürden"") einige Schriftzüge anzubieten, sollten sie ihm genügend interessant sein und er sie nicht schon kennen. 
Sie berichtet außerdem davon, dass sie das Eigentum ihrer verstorbenen Mutter in Pola sichtet, dass eine Freundin Margit in Lussinpiccolo ist und Mama Angerer schon wieder gesundheitlich besser als im Winter.";Als Datierung ist nur 1.4. angegeben, keine Jahreszahl.;Autographensammlung A2, Freiherrn A-N;;Maria Prüller;2026-06-08 11:28:09;2026-06-08 11:54:22;Nein;;
9.6.132;Brief;Karg, Lorle;Schock, P. Josef (vermutlich);19090124;Wien, 1. Bezirk, Lothringerstraße 3;"Fr. Karg schickt dem Empfänger (""Hochwürden"") Autographe aus dem Reich der Kunst - vom berühmten Geiger Kubelik (der eigens gebeten wurde, eine Beitrag für die Sammlung des Adressaten zu liefern), vom Maler van Haanen und von einer ""Weimarer Nachtigall"", die sich in die Herzen der Wiener gesungen hätte. Sie könne ihm auch die Unterschrift von Hugo von Hoffmannsthal schicken. Außerdem bittet sie den Empfänger, dass er seinerseits Ansichtskarten von der Seitenstettner Bibliothek an eine Frau Ida von Gutmann-Wodianer in Wien für ihre Sammlung schicken möge. Diese könne ihm dafür aus ihrem großen Freundeskreis auch was für seine Sammlung beisteuern.
Außerdem schickt sie Nachrichten vom Tod gemeinsamer Bekannter.";"Der Brief besteht aus 2 Blättern.
Beim im Brief erwähnten ""berühmten Geiger Kubelík"" handelt es sich wahrscheinlich um den tschechischen Geiger Jan Kubelik (1880-1940) und beim Maler van Haanen wahrscheinlich um den österreichischen Porträt- und Genremaler Cecil van Haanen (1844-1914), Sohn des niederländischen Landschaftsmaler Remigius Adrianus Haanen (1812-1894). 
Bei der ""Weimarer Nachtigall"" könnte es sich um Marie Gutheil-Schoder (1874 -1935) handeln, die aus Weimar stammte und 1900 von Gustav Mahler nach Wien an die Hofoper geholt wurde.
";Autographensammlung A2, Freiherrn A-N;;Maria Prüller;2026-06-08 11:54:28;2026-06-08 13:35:49;Nein;;
9.6.133;Brief;Karg, Lorle;Schock, P. Josef (vermutlich);;Wien, 1. Bezirk, Lothringerstraße 3;"Fr. Karg erfüllt den Wunsch nach Übersendung einer Unterschrift von Hoffmannsthal und bedauert, dass dieser ihrer Bitte um Niederschrift einiger Worte nicht nachgekommen sei.
Sie erinnert den Empfänger auch daran, die erbetenen Ansichtskarten an Frau von Gutmann zu schicken, die eine Sammlung von etwa 10.000 Karten aus allen Weltteilen besitzt. Auch ein Exlibris der Stiftsbibliothek wäre für diese von großem Interesse.
Außerdem schreibt Fr. Karg über den schlechten Gesundheitszustand von Mama Angerer.";"Der Brief besteht aus 2 Blättern.
Als Datierung ist nur angegeben: 29.1. - ist aber vermutlich wie der Brief 9.6.132 aus dem Jahr 1909, da die beiden Briefe inhaltlich aufeinander bezogen erscheinen.";Autographensammlung A2, Freiherrn A-N;;Maria Prüller;2026-06-08 13:35:55;2026-06-08 14:00:10;Nein;;
9.6.134;Visitenkarte;Karg von Bebenburg, Baronin Eugénie;;;;;;Autographensammlung A2, Freiherrn A-N;;Maria Prüller;2026-06-08 13:58:58;2026-06-08 14:01:46;Nein;;
9.6.135;Visitenkarte;Karg von Bebenburg, La Baronne Eugénie;;;;;;Autographensammlung A2, Freiherrn A-N;;Maria Prüller;2026-06-08 14:01:50;2026-06-08 14:02:48;Nein;;
9.6.136;Visitenkarte;Kielmannsegg, Freiherr v.;;;;drückt seinen aufrichtigen Glückwunsch zur kaiserlichen Auszeichnung aus;;Autographensammlung A2, Freiherrn A-N;;Maria Prüller;2026-06-08 14:02:50;2026-06-08 14:04:34;Nein;;
9.6.137;Fragment;Kielmansegg, Freiherr;;;;;"auf Papier augeklebte Unterschrift
von anderer Hand dazugeschrieben. ""Karl Freiherr von Kielmanseegg, Freier Erbherr auf Gföhl, geb. 1835 Mitglied des öst. Abgeordnetenhauses u.d. niederösterr. Landtags, verm. 1857 mit Marie Freiin v. Werner.""";Autographensammlung A2, Freiherrn A-N;;Maria Prüller;2026-06-08 14:04:36;2026-06-08 14:08:23;Nein;;
9.6.138;Brief;Knorr, Josephine;;19070208;Stiebar;"Fr. Knorr freut sich, dass ihr Büchlein dem empfänger (""Hochwürden"") gefallen hat und dankt für sein liebes Schreiben.";;Autographensammlung A2, Freiherrn A-N;;Maria Prüller;2026-06-08 14:08:25;2026-06-08 14:30:50;Nein;;
9.6.139;Karte;Knorr, Josephine;;18860726;Stiebar;"Fr. Knorr schreibt, dass sie ""die Zinzendorfer zurückzustellen"" hätte und drückt ihre Hoffnung aus, dass der Empfänger nach Stiebar kommt und dort einiges zur Forschung in Aufenschein nehmen wird. Bis sie weiß, ob er selbst kommt, würde sie das Buch noch bei sich behalten.";;Autographensammlung A2, Freiherrn A-N;;Maria Prüller;2026-06-08 14:29:51;2026-06-08 14:38:13;Nein;;
9.6.140;Fragment;Königswarter;;;;"nur: ""ganz ergebener Königswarter""";nur Fragment mit der Unterschrift;Autographensammlung A2, Freiherrn A-N;"von anderer Hand darauf vermerkt: H.H.M. da (oder de?)
Auf der Rückseite eine Notiz in Gabelsberger Kurzschrift";Maria Prüller;2026-06-08 14:38:15;2026-06-08 14:46:06;Nein;;
9.6.141;Fragment;Königswarter (?);;;;;"Fragment aus einem Brief, es ist nur ein aufgeprägtes, grünes Monogramm MK mit einer integrierten Freiherrnkrone zu sehen und eine Datierung ""30.6.""
Mit Bleistift dazugeschrieben: ""Baron Königswarter"".
Es könnte sich um das Fragment eines Briefes von Moritz Freiherr von Königswarter (1837-1893), einem österreichischen Bankier, Mitglied des österreichischen Herrenhauses und jüdischem Philantrop, handeln.";Autographensammlung A2, Freiherrn A-N;;;2026-06-08 14:46:09;2026-06-08 14:53:37;Nein;;
9.6.142;Fragment;Koller;;;;;Fragment aus einem Brief, auf dem nur die Unterschrift und als Datierung 23.12. zu sehen ist.;Autographensammlung A2, Freiherrn A-N;;Maria Prüller;2026-06-08 14:53:40;2026-06-08 14:57:51;Nein;;
9.6.143;Brief;Koller, Alexander Baron;;19040212;Wien, 3. Bezirk, Geusaugasse 11;Baron Koller bedeankt sich für ein Schreiben vom 9. d. M. und bedauert, dem Wunsch des Empängers nicht nachkommen zu können, da er nur wenige Monate in Indien war und die wenigen Stücke, die er mitgebracht hat, bereits verteilt oder als Wandschmuck in seiner Bibliothek verwendet hat. Er verweist aber auf den vor zwei Jahren verstorbenen k.u.k. Generalauditoor i.P. Ritter von Kominek, derauf einer Weltreise auch Indien durchquerte und viele Gegenstände mitgebracht hat. Der Empfänger solle doch an dessen Bruder schreiben und fragen, ob er ihm entgeltlich oder geschenkweise was aus dieser Sammlung überlässt.;Dieser Brief hängt mit 9.6.144 und 9.6.145 zusammen.;Autographensammlung A2, Freiherrn A-N;;Maria Prüller;2026-06-08 14:57:52;2026-06-08 15:13:45;Nein;;
9.6.144;Brief;Koller, Alexander Baron;Stift Seitenstetten;19050301;Wien, 3. Bezirk, Geusaugasse 11;Baron Koller fragt im Stift Seitenstetten nach, wer der Stiftskapitular war, der sich im Vorjahr wegen Überlassung von indischen Naturalien an ihn gewandt hat, da er jetzt möglicherweise etwas Verwendbares zu vergeben hätte. Ein Termin zur Besichtigung desselben wäre schriftlich zu vereinbaren.;Dieser Brief hängt mit 9.6.143 und 9.6.145 zusammen.;Autographensammlung A2, Freiherrn A-N;;Maria Prüller;2026-06-08 15:06:29;2026-06-08 15:13:51;Nein;;
9.6.145;Brief;Koller, Baron;;19050306;Wien, 3. Bezirk, Geusaugasse 11;"Baron Koller berichtet dem Empfänger (""Ew. Hochwürden""), dass er abreisen muss und sich nach seiner Rückkehr nach Wien wegen ihrer Besprechung wieder melden wird. Eer bittet den Empfänger aber, sich nicht zu viel zu erwarten. Er könne derzeit nur ein paar durch ihre Herkunft merkwürdige Steine und ein paar Zapfen von 6000jährigen Bäumen (Sequoia gigantea) anbieten.";Dieser Brief hängt mit 9.6.143 und 9.6.144 zusammen.;Autographensammlung A2, Freiherrn A-N;;Maria Prüller;2026-06-08 15:13:53;2026-06-08 15:18:04;Nein;;
9.6.146;Brief;Konradsheim, Marie;;19020503;Neuwaldegg;"Marie Konradsheim drükt ihr Bedauern aus, dass sie es nicht gewagt hatte, den Empfänger (""Hochwürdiger Herr Professor"") bereits im Vorjahr zu fragen, ob er sie trauen würde, und fragt aber jetzt an, ob er nicht zur Taufe ihres ersten Kindes, das sie demnächst erwartet, kommen möchte.";"mit Bleistift ist auf der letzten Seite vermerkt: ""Baronin Konradsheim""";Autographensammlung A2, Freiherrn A-N;;Maria Prüller;2026-06-08 15:19:11;2026-06-08 15:29:17;Nein;;
9.6.147;Brief;Krticzka-Jaden, Hans;;18950905;Wien, 1. Bezirk, Stoss im Himmel 3;"Baron Krticzka-Jaden bittet den Empfänger (""Hochgeschätzter Herr""), da seine ""Körnerarbeit"" bald fertig wird, um Mithlife durch die Überlassung von Aufnahmen des einen oder anderen Manuscriptes aus dessen reicher Sammlung zur Veröffentlichung.";"mit Bleistift ist vorne auf den Brieg geschrieben ""Krtizka von Jaden""
Beim Absender handelt es sich um Hans Freiherr von Krticzka von Jaden (1866-1948), Schriftsteller und Jurist. 1896 erschien sein Werk ""Theodor Körner und seine Braut"".";Autographensammlung A2, Freiherrn A-N;;Maria Prüller;2026-06-08 15:29:21;2026-06-08 15:47:16;Nein;;
9.6.148;Visitenkarte;Kübeck, Guido Freiherr von;;;;beste Glückwünsche zur Auszeichnung;"k.u.k. Geheimer Rath u. Statthalter a.D.
Hinten mit Bleistift ein Vermerk in Gabelsberger Kurzschrift und u.a. dem Geburtsdatum des Frh. Von Kübeck 1829
Es handelt sich wahrscheinlich um Guido Freiherr Kübeck von Kübau (1829-1907), österreichischer Verwaltungsjurist, hoher Beamter und Politiker, u.a. 1868 Landespräsident von Kärnten, 1870-1895 Statthalter der Steiermark, 1873-1879 Abgeordneter zum österreichischen Reichsrat.";Autographensammlung A2, Freiherrn A-N;;Maria Prüller;2026-06-08 15:47:19;2026-06-08 15:55:35;Nein;;
9.6.149;Brief;Kulmer, Josef Freiherr v.;;18910526;Graz, Lusthausgasse 13;"Frh. Kulmer bedankt sich beim Empfänger (""Euer Wohlgeboren"") für die Bemühung um seine Wünsche betreffend einer Stammtafel der Alexandrine Gräfin Kulmer und bedauert gleichzeitig, dass der Empfänger nicht noch über andere Mitglieder seiner Familie nachgeforscht hat, dann wären vielleicht alle seine Wünsche zu erfüllen gewesen. Er drückt auch den Wunsch aus, dass der empfänger Zeit fände, ihm die Eltern und Großeltern der Amalie Gräfin Palffy und der Gräfin Henriette Erdödy namhaft zu machen.";;Autographensammlung A2, Freiherrn A-N;;Maria Prüller;2026-06-08 15:55:40;2026-06-08 16:24:08;Nein;;
9.6.150;Brief;Kulmer, Therese;;;Grundlsee;"Therese Kulmer drückt dem Empfänger (""Sehr geehrter Herr"") ihre Freude darüber aus, dass sein Neffe einem gefährlichen Unfall entgangen ist.Sie bedankt sich auch für durch Gräfin Lamberg überbrachte Wünsche. Der weitere Inhalt des Briefes dreht sich um ein Bauprojekt, für das Baumeister Baltl Pläne geliefert hat, die Gräfin Meran und Gräfin Lamberg zufriedengestellt hätten. Es geht auch um die Finanzierung dieses Projektes, um die Frage nach Erlass der Grundsteuer.
";"Auf dem Brief finden sich Notizen mit Bleistift, z.B. ""Kulmer von Rosenpichl und Hohenstein"" sowie ""Überreichung (?) Stadtrath"".
Als Datierung ist nur angegeben: ""19.7."", aber keine Jahreszahl.
Unter 9.6.151 gibt es eine weitere Karte von Therese von Kulmer betreffend dieses Bauprojekt.
Bei Therese Kulmer handelt es sich vermutlich entweder um Baronin Theresse Marie Amalie von Kulmer zu Rosenpichl und Hohenstein, geb. von Lendenfeld (1808-1891), Witwe des Grazer Landesgerichtspräsidenten Ignaz Joseph Freiherr von Kulmer (1798-1861) oder um ihre Tochter Theresia Maria von Kulmer (geb. 1847), Stiftsdame im Damenstift Maria Schul in Brünn.
Bei Baumeister Baltl handelt es sich vermutlich um den Grazer Stadtbeumeister Johann Baltl (1860-1956).
Da Frau von Kulmer zum Schluss den Adressaten bittet, sie seiner Gemahlin zu empfehlen, wird der Brief nicht an jemand aus dem Stift Seitenstetten gerichtet sein.";Autographensammlung A2, Freiherrn A-N;;Maria Prüller;2026-06-08 16:24:19;2026-06-16 11:35:04;Nein;;
9.6.151;Karte;Kulmer, Therese;;;Grundlsee;"Frau Kulmer schreibt an den Adressaten (""Sehr geehrter Herr""), dass sie das gewünschte Schriftstück an seine Adresse richtet, obwohl Procurator Trenk bereits zurück sei. Sie bedankt sich für seine Bemühungen. Gräfin Meran hätte bereits einen Dankbrief an Graf Clary gerichtet, sie selbst schreibt an Herrn Trenk mit der Bitte um ein offizielles Schreiben. Die bedingungen des Stadtbauamtes würden die Kosten zwar erhöhen, man müsse sich aber fügen und sie müssen die Gartenmauer zum Nachbarn untermauern.";"Dieses Schreiben steht im Zusammenhang mit dem Brief 9.6.150, in dem es ebenfalls um ein Bauprojekt geht und in dem auch die Personen Gräfin Meran, Gräfin Lamberg, Graf Clary und Herr Trenk erwähnt sind.
Auch auf dieser Karte ist als Datierung nur ""13.8."", aber keine Jahreszahl angegeben.";Autographensammlung A2, Freiherrn A-N;;Maria Prüller;2026-06-16 11:35:08;2026-06-16 11:47:59;Nein;;
9.6.152;Visitenkarte;Lederer, Alfred Freiherr von;;;;Glückwünsche an Hochwürden zur Verleihung des Regierungsratstitels;k.k. Statthatereirath;Autographensammlung A2, Freiherrn A-N;;Maria Prüller;2026-06-16 11:48:02;2026-06-16 11:49:53;Nein;;
9.6.153;Visitenkarte;Lederer, Alfred Freiherr von;;;;Der Absender drückt seine Beileidwünsche zum Tod des hochverdienten hochwürdigen P. Dr. Weissenhofer, k.k. Professor, aus, von dessen Ableben er in der Zeitung gelesen hat.;"k.k. Statthaltereirath, Ritter des oest.Franz-Josef-Ordens
P. Robert Weissenhofer, Konventuale des Stiftes Melk, ist  am 30. März 1900 gestorben. Diese Beileidsbekundung wird daher vermutlich aus dem April 1900 stammen.";Autographensammlung A2, Freiherrn A-N;;Maria Prüller;2026-06-16 11:49:55;2026-06-16 11:59:46;Nein;;
9.6.154;Visitenkarte;Lederer, Alfred Freiherr von;;;Amstetten;Dank für die freundliche Beglückwünschung;k.k. Stattheltereirath;Autographensammlung A2, Freiherrn A-N;;Maria Prüller;2026-06-16 11:54:29;2026-06-16 11:56:31;Nein;;
9.6.155;Fragment;Lichtenfels, Freiherr v., Ordens-Kanzler;;;;nur Unterschrift;"Die Unterschrift ist auf ein Blatt Papier geklebt.
Von anderer Hand (vermutliich von P. Josef Schock) ist auf dem Papier vermerkt: ""Thaddäus Peithner Frhr. V. Lichtenfels, geb. 1798, gest. 2.10.1877. geh. Rat u. Reichsrat, Präsident des Staatsrates, bekannter Jurist. s. Wurzbach XV 79, s. Deutsche Biogr. XVIII 542 ff""";Autographensammlung A2, Freiherrn A-N;;Maria Prüller;2026-06-16 12:47:42;2026-06-16 12:55:56;Nein;;
9.6.156;Brief;Lippert, Freiherr v.;Cziklay, Ludwig;18961121;Wiener Neustadt;Frh. von Lippert antwortet auf ein Gesuch Ludwig Cziklays um einen schriftlichen Beitrag von Seiner K.u.k. Hoheit Erzherzog Heinrich Ferdinand für ein Gedenkalbum zugunsten des Baus der Kleinpester Rudolfs-Votivkirche, unter der Redaktion des Adressaten und übersendet ein Autogramm, dessen Einsendung der Vater des Erzherzogs, Ferdinand IV. Großherzog der Toskana aufgrund dessen Minderjährigkeit gestattet hat.;"Links oben am Brief ist ein Stempel mit Wappen und  Aufschrift: ""KÄMMERER S. K. u. K. H. D. ERZHERZOGS HEINRICH P.V. TOSKANA. Darunter mit Bleistift handschriftlich vermerkt (vermutlich von P. Josef Schock): ""Kammer Heinrich v. Toscana"" und am Brief unten rechts ebenfalls handschriftlich mit Bleistift: Rudolf Frh. v. Lippert, geb. 16.4.1863""";Autographensammlung A2, Freiherrn A-N;;Maria Prüller;2026-06-16 12:55:59;2026-06-16 14:36:13;Nein;;
9.6.157;Visitenkarte;Lipthay, La Baronne Béla;;;;"""für den Christbaum der armen Kinder""";;Autographensammlung A2, Freiherrn A-N;;Maria Prüller;2026-06-16 14:36:17;2026-06-16 14:40:24;Nein;;
9.6.158;Brief;Macchio, Baronin;;19030929;;"Baronin Macchio korrespondiert mit ""Resi"" betreffend ihrer Suche nach einer Kammerjungfer. Sie retourniert einerseits eine Fotografie und einen Brief einer Anwärterin für diesen Posten und versucht andererseits sehr dringlich, Resi, die bei ihrer Mutter im Dienst war, dazu zu überreden, zu ihr in den Dienst zu kommen.";"Neben diesem Brief gibt es noch zwei weitere (9.6.159 und 9.6.160) von Baronin Macchio an ""Resi"" mit ganz ähnlichem Inhalt.
Bei Baronin Macchio handelt es sich höchstwahrscheinlich um Bertha von Macchio, geborene Czekelius von Rosenfeld, die Gattin von Karl Freiherr von Macchio (1859-1945), österreich-ungarischer Diplomat. Er war u.a. 1903-1908 Gesandter in Athen. Bertha Baronin Macchio engagierte sich im Sozialwesen und war u.a. Mitglied im ""Verein zur Erhaltung des St. Joseph-Kinderspitals in Wien"".";Autographensammlung A2, Freiherrn A-N;;Maria Prüller;2026-06-16 14:40:27;2026-06-16 15:33:30;Nein;;
9.6.159;Brief;Macchio, Baronin;;19031015;;Baronin Macchio bdauert unendlich, dass die Adressatin Resi nicht zu ihr in den Dienst kommen möchte, weil das für sie in jeder Hinsicht eine große Beruhigung gewesen wäre, und sie bittet Resi, wenn sie nach Wien kommt, für sie eine nette Jungfer auszusuchen und mit ihr zu sprechen, was Baronin Macchio alles von ihr will.;"Es gibt in der Autoographensammlung noch zwei weitere Briefe von Baronin Macchio an Resi (9.6.158 und 9.6.160), in denen es ebenfalls um ihre Suche nach einer Kammerjungfrau geht.
Unter Bemerkungen bei 9.6.158 siehe auch betreffend des biographischen Hintergrunds von Baronin Macchio.";Autographensammlung A2, Freiherrn A-N;;Maria Prüller;2026-06-16 15:34:10;2026-06-16 15:40:14;Nein;;
9.6.160;Brief;Macchio, Baronin;;19031026;;"Baronin Macchio berichtet Resi davon, dass ihre derzeitige Kammerjungfrau Valerie gekündigt hat und dass sie nun weiterhin verzweifelt nach einem Ersatz sucht.Da auch das Stubenmädel abreist, werde sie wohl vieles allein machen müssen. Außerdem sei ""unser Geistlicher Herr"" seit 2 Tagen sterbenskrank und sie würde ihn nun täglich pflegen. Baronin Macchio setzt den Brief dann erst am 30. Oktober fort mit der Nachricht, dass der geistliche Herr am 28. Oktober verstorben ist und sein Leichnam am 30. nun nach Cattaro zur Beerdigung überführt wurde. In ihrer verzweifelten Suche nach einer Kammerfrau und einem Stubenmädchen habe sie nun an ein Büro in Wien geschrieben, bittet Resi auch auch nochmals um Hilfe bei der Suche und drückt wieder ihr Bedauern aus, dass diese nicht zu ihr kommen kann und versucht nochmals sie dazu zu überreden. Auch berichtet sie davon, dass die Versetzung nach Athen, die schon im ersten Brief (9.6.158) angesprochen wurde, nun offiziell ist.";"Zu diesem Brief gibt es noch zwei weitere von Baronin Macchio an Resi in der Autographensammlung (9.6.158 und 9.6.159) mit ganz ähnlichem Inhalt.
Durch die Erwähnung der nun offiziell gewordenen Versetzung nach Athen lässt sich der Gemahl von Baronin Macchio eindeutig als Karl Freiherr von Macchio, österreich-ungarischer Gesandter in Athen von 1903-1908, identifizieren - siehe unter Bemerkungen bei 9.6.158.";Autographensammlung A2, Freiherrn A-N;;Maria Prüller;2026-06-16 15:40:17;2026-06-16 15:53:03;Nein;;
9.6.161;Brief;Maldini, Rudolf Freiherr v.;;;;"Dank an ""Euer kais. köngliche Hoheit"" für die Güte, mit der seine Werke angenommen werden und für das kostbare Geschenk.";"Als Zusatz zur Unterschrift: Schulleiter.
Rudolf Baron von Maldini Wildenhainski (1870-1944) war ein kroatischer Schriftsteller, Übersetzer, Pädagoge und Enigmatiker, der vorallem kulturhistorische Beschreibungen, Reiseberichte, Gedichte und Kinderbücher veröffentlichte. Sein Hauptwerk ist die 1909 veröffentlichte Monographie ""Bosna i Hercegovina. Opisana i ocrtana"" (Bosnien und Herzegowina: Beschrieben und gezeichnet).  Womöglich bezieht sich der Brief auf dieses Werk.
";Autographensammlung A2, Freiherrn A-N;;Maria Prüller;2026-06-16 15:53:22;2026-06-16 16:12:10;Nein;;
9.6.162;Brief;Mayr;;19080422;;"Baron Mayr bittet im Namen des Banus von Kroatioen, Baron Rauch, den Adressaten ""Eure Durchlaucht"" um Vermittlung einer Audienz für Baron Rauch bei den kaiserlich-königlichen Hoheiten, der sich bei seinem Wienbesuch ihnen vorstellen möchte. Da er aber vermutet, dass jetzt keine Audienzen erteilt werden, bittet er darum, sie zumindest von der Absicht Baron Rauchs zu unterrichten.";"Der Brief enthält keine Ortsangabe, allerdings einen Briefkopf links oben, der ""Kön. ung. Ministerium am Allerhöchsten Hoflager"" lautet. Baron Mayr unterschreibt mit ""Min Vice Sekretär"".";Autographensammlung A2, Freiherrn A-N;;Maria Prüller;2026-06-16 16:12:12;2026-06-16 16:23:12;Nein;;
9.6.163;Fragment;Menßhengen;;;;"vorne nur Unterschrift ""Menßhengen"".
Auf der Rückseite des sehr kleinen Fragments ist nur zu lesen ""kann ich es nicht …. lassen Eurer Exz. für Ihre gütige Verwendung in dieser"".";Die Freiherren von Mensshegen sind eine ursprünglich in Kurzmainz, später in Niederösterreich ansässige Familie. Es könnte sich um Ferdinand Freiherr von Mensshengen (1801-1885) handeln, österreichischer Diplomat zur Zeit der Restauration, oder um seinen Bruder kk.Hofrat Franz von Mensshengen (1798-1890), kaiserl. Schatzmeister des Militär-Maria-Theresien-Ordens.;Autographensammlung A2, Freiherrn A-N;;Maria Prüller;2026-06-16 16:23:15;2026-06-16 16:34:26;Nein;;
9.6.164;Brief;Meysenbug, Baronin;Schock, P. Josef (vermutlich);;Himmel;"Baronin Meysenbug bedankt sich überschwenglich beim ""hochgeehrten Herr Professor"" für einen erhaltenen Brief. Das Resultat sei Balsam für sie in ihren großen Sorgen gewesen. Auch ihr Mann möchte sich bald persönlich für die Mühe und die Freundschaft, die der Adressat für sie erwiesen hat, bedanken. Sie erwähnt auch eine ""galvanisch electrische Vorratskammer"", die ihrem Sohn bittere Sorgen macht, ""dass er dem Herrn Director nicht so viel Freude machen kann wie Ihnen."" Sie lädt den Adressaten mit seiner Mutter ein, zu Besuch zu kommen, und berichtet von einem Prälat Stöger, der bei ihr ist und sich erholt.";"Der Brief ist nur mit 27.7. datiert, aber ohne Jahreszahl. Aus dem Satz: ""… mit so schönen Regenbogenfarben wie sie uns der Herr Director im Stande war perspectivisch sehen zu lassen…"" und der Erwähung der ""galvanisch electrischen Vorratskammer"" im Zusammenhang mit dem Herrn Director kann aber geschlossen werden, dass es sich bei dem Direktor um P. Udiskalk Siegl handelt, der von 1874-1900 Direktor im Stiftsgymnasium Seitenstetten war. Also wird der Brief wohl aus dem Ende des 19. Jahrhunderts sein. Und der Adressat ""Hochgeehrter Herr Professor"" ist vermutlich P. Josef Schock.";Autographensammlung A2, Freiherrn A-N;;Maria Prüller;2026-06-16 16:34:30;2026-06-23 11:22:07;Nein;;
9.6.165;Brief;Meysenburg, Pius Frh.v.;Schock, P. Josef (vermutlich);18950419;Wien, 1. Bezirk, Neuer Markt 7;"Pius Meysenbug schreibt an ""Geehrter Herr"", in Beantwortung einer Anfrage, dass seine Tante, die Schriftstellerin Malwida von Meysenburg, in Rom (Via Polveriera 6) lebe und es für den Adressaten sicher am zweckdienlichsten sei, die Anfrage in seiner Angelegenheit direkt an sie zu richten.";Pius Rivalier Freiherr von Meysenbug (1866-1919) war ein deutscher, in Wien lebender Sänger, Textdichter, Schauspieler und Librettist. Er stammt aus der weit verzweigten Adelsfamilie Rivalier von Meysenbug und war verwandt mit der Schriftstellerin Malwida von Meysenbug (1816-1903).;Autographensammlung A2, Freiherrn A-N;;Maria Prüller;2026-06-23 11:22:09;2026-06-23 11:33:48;Nein;;
9.6.166;Visitenkarte;Meysenbug, Le Baron Aloyse de;;;Wien, 1. Bezirk, Habsburgergasse 9;"Baron Meysenbug übersendet an ""Hochwürdigen Herrn Prälat"" seine ergebenste Gratulationen zum neuen Jahr.";;Autographensammlung A2, Freiherrn A-N;;Maria Prüller;2026-06-23 11:33:51;2026-06-23 11:46:17;Nein;;
9.6.167;Visitenkarte;Meysenbug, Le Baron de;;;;;"Auf der Visitenkarte gibt es keine weiteren Anmerkungen. Dem Kovolut ""Freiherrn A-N"" der Autographensammlung liegt aber ein handschriftliches (vermutlich von P. Josef Schock) alphabethisches Verzeichnis aller in diesem Kovolut gesammelten Autographen der Freiherrn A-N bei, in dem unter dem Namen ""Meysenbug Alois"" 2 Stück verzeichnet sind. Daher liegt die Vermutung nahe, dass diese Visitenkarte von Alois Meysenbug ist. Siehe auch 9.6.166";Autographensammlung A2, Freiherrn A-N;;Maria Prüller;2026-06-23 11:42:08;2026-06-23 11:43:36;Nein;;
9.6.168;Visitenkarte;Meysenbug, J. Friederike, geb. Zinnenburg;;;;"Auf der Rückseite steht: ""Leop. Stöger, Zwettelhof, II. Stock, N° 5""";"Bei J. Friederike Meysenbug handelt es sich womöglich um Josefine Friedrike Baronin Meisenburg (1828- gest. 1900 in Prein an der Rax).
Beim auf der Rückseite vermerkten Leop. Stöger wird es sich um den auch im Brief der Baronin Meysenbug (9.6.164) angesprochenen Prälat Stöger handeln. Leopold Stöger (1814-1900) war u.a. Prälat zu St. Stephan, Diözesanschulenoberaufseher, NÖ Landesschulrat, Bezirksschulinspektor in Wien, 1861-1864 Gemeinderat in Wien, 1890 Domdechant, (siehe Österr. Biogr. Lexikon).";Autographensammlung A2, Freiherrn A-N;;Maria Prüller;2026-06-23 11:46:25;2026-06-23 12:43:02;Nein;;
9.6.169;Brief;Paumgartten, Paul Baron;;19020916;Wien;"Baron Paumgartten bedankt sich beim Adressaten (""Euer Hochwürden Hochverehrter Herr Professor"") - auch im Namen seiner Mutter - für die erwiesene Anteilnahme und schreibt, dass sein Bruder immer mit großer Verehrung vom Adressaten gesprochen  und in letzter Zeit schon sehr gelitten hätte, sodass  man sagen könne: ""Mors ei lucrum fuit"".";"Paul Paumgartten unterschreibt mit ""dankbar ergebener Schüler von ehemals"". Er kann daher ev. Schüler des Stiftsgymnasiums Seitenstetten gewesen sein, vorausgesetzt der Brief ist an ein Mitglied des Konvents von Seitenstetten (P. Josef Schock ?) gerichtet.";Autographensammlung A2, Freiherrn O-Z;;Maria Prüller;2026-06-23 12:46:53;2026-06-23 13:21:06;Nein;;
9.6.170;Visitenkarte;Paumgartten Bonazza, La baronne Amelie de;;;;;"Es gibt drei Visitenkarten von Baronin Amelie von Paumgartten Bonazza, die mit den Nummern 9.6.107 a-c versehen wurden. Nur auf 9.6.170a steht von Hand geschrieben: ""avec ses filles. p.f."", die anderen beiden sind unbeschrieben.";Autographensammlung A2, Freiherrn O-Z;;Maria Prüller;2026-06-23 13:21:08;2026-06-23 13:33:07;Nein;;
9.6.171;Brief;Paumgartten, A;;18730715;Schwechat (?);"A. Paumgartten schreibt, dass nichts die Verehrung, die er/sie dem Adressaten (""Hochwürdigster Herr Prälat"") schuldet, schmälern und nichts das Band der Dankbarkeit  lockern könne. Mehr könne er/sie nicht schreiben, denn es täte sehr weh, so mißkannt zu werden. Sollte der Herr Prälat aber wünschen, dass er/sie sich nochmal äußern solle, dann bittet er/sie, sein Vertrauen wie unter dem Beichtsiegel zu wahren.
A. Paumgartten drückt dem hochw. Prälaten und auch Pater Robert nochmals seine/ihre innigste Dankbarkeit für alle Güte, Sorgen und Teilnahme aus und bittet sie, bei Gott eine Fürbitte für ihn/sie einzulegen.";Eventuell könnte es sich beim Absender A. Paumgartten um Amelie von Paumgartten handeln, von der unter 9.6.170a-c drei Visitenkarten in der Autographensammlung vorhanden sind.;Autographensammlung A2, Freiherrn O-Z;;Maria Prüller;2026-06-23 13:33:09;2026-06-23 14:04:23;Nein;;
9.6.172;Brief;Paumgartten, Amalie;;18730406;;"Amalie Paumgartten bedankt sich beim Adressaten (""Hochwürdigenster Herr Prälat"") für Bücher, deren trostreicher Inhalt sie in den Bedrängnissen, die sie gerade heimsuchen, erquicken werde. Ihr Mann sei sehr leidend und sie bitten beide um das Gebet, den Segen, Schutz und Schirm des Hochw. Prälaten betreffend die in Seitenstetten weilenden Söhne. Sie würde gerne wissen, wie es um Anton und die zwei Kleineren steht und bittet darum, dass P. Robert ihr einmal schreibe.";"Es ist auf dem Brief als Datum nur angegeben: ""Palmsontag 73"". Palmsonntag war 1873 am 6. April.
Bei der Schreiberin Amalie Paumgartten wird es sich wahrscheinlich um die Baronin Amelie de Paumgartten Bonazza handeln, von der unter 9.6.170a-c drei Visitenkarten und vermutlich auch der Brief 9.6.171 in der Autographensammlung vorhanden sind.
Der im Brief und auch im Brief 9.6.171 angesprochene P. Robert ist wahrscheinlich P. Robert Weissenhofer (1843-1900), Benediktiner im Sstift Seitenstetten, Gymnasialprofessor und Schriftsteller (jugendbuchautor).";Autographensammlung A2, Freiherrn O-Z;;Maria Prüller;2026-06-23 14:04:26;2026-06-23 14:45:13;Nein;;
9.6.173;Fragment;Pereira, Heinrich;;;Wien, 1. Bezirk, Freiung 6;;"Es handelt sich um einen Ausschnitt mit dem Absender aus einem Briefkuvert, wobei auf der Vorderseite als Anschrift nur """"Sr. Hochwürden"" zu lesen ist.";Autographensammlung A2, Freiherrn O-Z;;Maria Prüller;2026-06-23 14:45:18;2026-06-23 14:49:01;Nein;;
9.6.174;Fragment;Pereira, Heinrich Baron;;18871017;Wien, Schottenhof;;"Es handelt sich um den Ausschnitt des Absenders aus einem Briefkuvert (wie bei 9.6.173), wobei auf der Vorderseite wiederum bei der Adresse nur ""Sr. Hochwürden"" zu lesen ist.";Autographensammlung A2, Freiherrn O-Z;;Maria Prüller;2026-06-23 14:49:03;2026-06-23 14:51:51;Nein;;
9.6.175;Fragment;Pereira, Heinrich;;;;;"Es handelt sich um ein Fragment eines Briefes. Auf der einen Seite des Fragmentes ist zu lesen: ""…der Versicherung immer mehr als man Entschädigung erhält, dazu ist es auch schon spät an der Jahreszeit, um .."" und auf der anderen Seite die Unterschrift ""Heinrich Pereira"" und von anderern Hand eine Anmerkung in Gabelsberger Kurzschrift.
Es dürfte sich beim Absender um Heinrich Freiherr von Pereira-Arnstein (1836-1903) handeln, Gutsbesitzer in Allensteig , verheiratet mit Gräfin Dorothea Széchényi (1841-1892).";Autographensammlung A2, Freiherrn O-Z;;Maria Prüller;2026-06-23 14:51:53;2026-06-23 15:03:29;Nein;;
9.6.176;Brief;Pfungen, Otto Baron;Schock, P. Josef (vermutlich);19120418;Wien, Maximilianstraße 4;"Baron Pfungen bittet den Adressaten (""Hochgeehrter Herr Kustos"") um Namhaftmachung eines kenntnisreichen, vertrauenswerten, aber nicht allzu kostspieligen Herrn, der dem Ministerialsekretär im Unterrichtsministerium, Dr. Hans Bretschneider Edler von Rechttreu, bei der Katalogisierung einer etwa 200 Münzen umfassenden Sammlung aus aller Herrn Länder helfen könnte.";"P. Josef Schock ist zwar im Brief nicht namentlich genannt, aber der Zusammenhang mit einer Münzsammlung legt nahe, dass er der Adressat war.
Otto Baron Pfungen war k.k. Ministerialsekretär und Autor in Wien, bekannt vorallem für seine technikhistorischen und wirtschaftlichen Aufzeichnungen, wie zB. die ""Notizen über amerikanische Hilz-Debitage"" (1878), die im Auftrag der Weltausstellung in Philatelphia publiziert wurden.";Autographensammlung A2, Freiherrn O-Z;;Maria Prüller;2026-06-23 15:03:32;2026-06-23 15:20:46;Nein;;
9.6.177;Brief;Pfungen, Therese;Vokler (?);19120515;;Therese Pfungen bedankt sich im Namen ihrer Tochter für die geliehenen Bücher, die sie retourniert und wünscht dem Adressaten und seiner Familie einen erholsamen Sommer.;"Da dieser Brief im Konvolut ""Freiherren O-Z"" der Autographensammlung eingeschlagen in den Brief 9.6.176 lag, liegt die Vermutung nahe, dass es sich bei Therese Pfungen um die Ehefrau von Otto Baron Pfungen handelt, von dem der Brief 9.6.176 stammt.";Autographensammlung A2, Freiherrn O-Z;;Maria Prüller;2026-06-23 15:20:48;2026-06-23 15:28:28;Nein;;
9.6.178;Fragment;Piret;;18920203;;"Nur auf dem Fragement zu lesen: ""Dein ergebenster Piret"" und Datierung";"Es handelt sich um einen Ausschnitt aus einem Brief, auf dem nur der Name Piret zu lesen ist.
Aus dem Zettel, auf dem das Fragment aufgeklebt ist, findet sich aber die Notiz: ""Egon Freiherr von Piret de Bihain, geb. 1821, geh. Rat, General d. Cavallerie, Inhaber des Dragonerregimentes N° 9, gew. Obersthofmeister des Erzherzogs Albrecht"".
Feldmarschallleutnant und ritter des Maria Theresien-Ordens, Eugen Freiherr Piret de Bihain lebte von 1821-1902.";Autographensammlung A2, Freiherrn O-Z;;Maria Prüller;2026-06-23 15:28:32;2026-06-23 15:48:28;Nein;;
9.6.179;Brief;Piret;;18900125;Wien;"Piret ersucht den Adressaten (""Euer Hochwohlgeboren"") um freundliche Unterstützung in der Angelegenheit der Gräfin Consolati aus Riva, die um Nachsicht der Beibringung der wirklichen Adelsprobe für einen Urahnen bittet.";"Der Brief ist nur mit ""Pirat"" unterschrieben, aber eine Notiz von anderer Hand im oberen linken Eck des Briefes nennt den Absender - wie beim Fragment 9.6.178 - als Eugen Piret de Bihain, geb. 1821. 
Die weitere Notiz ist leider in Gabelsberger Kurzschrift geschrieben.";Autographensammlung A2, Freiherrn O-Z;;Maria Prüller;2026-06-23 15:36:25;2026-06-23 15:44:51;Nein;;
9.6.180;Brief;Plenker, Georg Freiherr v.;Hönigl, Abt Dominik;18770404;Triest;"Freiherr Plenker schreibt an ""Hochwürdiger Herr Prälat"" und bittet ihn um Hilfe in der Angelegenheit seines knapp 9-jährigen Sohnes Hermann (geb. 13.8.1868), der in Triest in die vierte Klasse einer Bürgerschule geht, wo er aber ungezogene Kameraden hätte und nicht viel zu lernen scheint. Frh. Plenker möchte daher die Erziehung seines Sohnes, da er selbst ein ehemaliger Zögling eines Stiftsgymnasiums ist, den bewährten Händen, denen auch er seine Unterricht verdankt, anvertrauen und würde sich wünschen, dass er in Seitenstetten im Konvikt aufgenommen wird. Den weltlichen Schulen wäre die ""tüchtige pädagogische Tradition"", die in den Stiftsgymnasien fortlebe, abhanden gekommen.";Auf der letzten Seite dieses Briefes gibt es eine Bleistiftnotiz, die die Lebensdaten des Vaters (1794-1889) und der Mutter (1807-1889) des Absenders angibt sowie die des Absenders Georg (geb. 1831) und dessen Bruders Theodor (geb. 1838) angibt. Leider ist diese Notiz in Gabelsberger Kurzschrift, sodass die weiteren Anmerkungen nicht entziffert werden konnten.;Autographensammlung A2, Freiherrn O-Z;;Maria Prüller;2026-06-23 15:44:54;2026-06-23 17:09:22;Nein;;
9.6.181;Visitenkarte;Plenker, Dr. Theodor Freiherr von;;;Waidhofen an der Ybbs;Herzlichen Glückwunsch zur Auszeichnung;Es dürfte sich bei Freiherr Theodor v. Plenker um den Bruder des Absenders des Briefes 9.6.180 handeln (siehe Bleistiftnotiz auf der letztes Seite dieses Briefes).;Autographensammlung A2, Freiherrn O-Z;;Maria Prüller;2026-06-23 17:09:24;2026-06-23 17:14:39;Nein;;
9.6.182;Brief;Plenker, Dr. Theodor Freiherr von, Advokat;Salzer, P. Anselm;19030316;Waidhofen an der Ybbs;Der Absender schreibt an P. Anselm Salzer, dass er in dessen Auftrag den Recurs an das k.k. Finanzministerium verfasst hätte, er aber zu seiner Legitimation noch eine Vollmacht von Fr. Salzer braucht.;;Autographensammlung A2, Freiherrn O-Z;;Maria Prüller;2026-06-23 17:14:41;2026-06-23 17:18:47;Nein;;
9.6.183;Brief;Pranck, Clara Freifrau von;Schock, P. Josef (vermutlich - siehe 9.6.186);19070816;Pux;"Freifrau von Pranck bedankt sich beim Adressat (""Hochverehrter, hochwürdiger Herr"" dafür, dass er sich an ihren Namenstag erinnert hat und drückt ihre Freude darüber aus, dass sie mit ihrer Familie die Ferien in der ""grünen Steiermark"" verbringen kann. Sie bedauert, nicht auf die fürstlichen Jagden kommen zu können, und würde sich freuen, wenn der Adressat sie auf der Hin- oder Rückreise zur Jagd in Pux (Station Teufenbach) besuchen würde und wünscht ihm Weidmannsheil für die nächsten Tage.";"In Zusammenhang mit Clara Freifrau von Pranckh gibt es einige weitere Dokumente (9.6.185-189 sowie - aber nicht von ihr geschrieben - 9.6.190).
Auf einigen dieser Dokumente hat Freifrau von Pranckh nur mit ihrem Nachnamen unterschrieben und ist auch außer bei 9.6.186 nie der Adressat genannt, aber es kann aufgrund der Ähnlichkeit der Schrift und der Anrede des Adressaten als ""hochwürdiger Herr"" angenommen werden, dass es sich bei all diesen Briefen bzw. Karten um Schreiben von Clara Freifrau von Pranckh an P. Josef Schock handelt.
Pux ist ein Ort in der Steiermark in der Gemeinde Teufenbach-Katsch im Bezirk Murau. Das Schloss Pux ist im Besitz der Familie Pranckh, die zum steirischen Uradel gehört.";Autographensammlung A2, Freiherrn O-Z;;Maria Prüller;2026-06-23 17:18:49;2026-06-30 14:49:35;Nein;;
9.6.184;Fragment;Pratobevera;;;;"nur Unterschrift ""Pratobevera""";"von anderer Hand (vermutlich von P. Josef Schock) ist auf dem Zettel, auf dem das Autogramm aufgeklebt ist, vermerkt: ""Protobevera, Frhr. von Wiesborn, Karl, geb. 1769, gest. 1853, Rechtsgelehrter. Wurzbach XXIII 210"" und daneben mit Bleistift die Jahreszahl ""1826"".
Carl Joseph Pratobevera Freiherr von Wiesborn (1769-1853) war ein österreichischer Jurist, u.a. Rektor der Krakauer Universität, Vizepräsident der Hofkommission in Justizsachen, 1823/1824 Rektor der Wiener Universität. 1829 wurde er in den Ritterstand mit dem Prädikat von Wiesborn erhoben und 1838 in den Freiherrenstand. Sein Sohn Adolf Pratobevera von Wiesborn war u.a. 1861/62 Justitzminister, 1867-1870 Landmarschall von Niederösterreich, Abgeordneter zum Herrenhaus und 1864-1874 erster Präsident des Vereins für Landeskunde von Niederösterreich.
";Autographensammlung A2, Freiherrn O-Z;;Maria Prüller;2026-06-30 11:04:36;2026-06-30 11:23:41;Nein;;
9.6.185;Karte;Pranckh, Freiherr und Freifrau von;Schock, P. Josef (vermutlich - siehe 9.6.186);19150115;München;"Dankeskarte von Freiherr und Freifrau von Pranckh für die Anteilnahme zum Tod ihres ältesten Sohnes, auf die zusätzlich (von Clara von Pranckh) eine Entschuldigung  an den Adressaten (""hochwürdiger Herr""), dass er den Partezettel verspätet bekommt, und ein besonderer Dank für seine freundlichen Zeilen geschrieben ist. Außerdem bittet sie um das Gebet dafür, dass ""die Ströme des edlen Blut nicht umsonst geflossen seien"".";"Siehe auch 9.6.183 und 9.6.186-189 sowie (aber nicht von Clara Freifrau von Pranckh geschrieben) 9.6.190.
";Autographensammlung A2, Freiherrn O-Z;;Maria Prüller;2026-06-30 11:23:51;2026-06-30 14:50:57;Nein;;
9.6.186;Karte;Pranckh, Freifrau;Schock, Pater Josef;19120105;München;Freifrau Pranckh bedankt sich für die freundlichen Glückwünsche und erwidert sie mit kräftigem Weidmannsheil für 1912. Sie würde sich freuen, wieder in der grünen Mark begrüßen zu können.;"Mit Bleistift ist auf der Karte vermerkt (vermutlich von P. Josef Schock): ""Klara Freiin zu Pranckh, geb. Baronin Malzer"".
Siehe auch 9.6.183, 9.6.185 und 9.6.187-189 sowie (aber nicht von Clara Freifrau von Pranckh geschrieben) 9.6.190.";Autographensammlung A2, Freiherrn O-Z;;Maria Prüller;2026-06-30 11:37:46;2026-06-30 14:51:46;Nein;;
9.6.187;Karte;Pranckh, Freifrau;Schock, P. Josef (vermutlich - siehe 9.6.186);19121225;;Freifrau Pranckh bedankt sich für die freundlichen Wünsche, den Brief anlässlich der Vemählung ihres Sohnes und für die interessanten Bibliotheksstudien. Sie wünscht gute Feiertage und gesegnetes neues Jahr.;Siehe auch 9.6.183, 9.6.185-186 und 9.6.188-189 sowie (aber nicht von Clara Freifrau von Pranckh geschrieben) 9.6.190.;Autographensammlung A2, Freiherrn O-Z;;Maria Prüller;2026-06-30 12:41:28;2026-06-30 14:52:30;Nein;;
9.6.188;Karte;Pranckh, Clara Freifrau von;Schock, P. Josef (vermutlich - siehe 9.6.186);;;Clara Pranckh bedankt sich für die interessanten Karten aus dem schönen Kloster des Adressaten (vermutlich P. Josef Schock) und schreibt, dass sie nach zwei schönen Jagdtagen wieder zu ihrem 11-jährigen Sohn nach Hause muss. Sie hofft aber, dass der Adressat am Hin- oder Rückweg zu den Jagden Pux aufsucht und wünscht für den Herbst Weidmannsheil.;"Siehe auch 9.6.183, 9.6.185-187 und 9.6.189 sowie (aber nicht von Clara Freifrau von Pranckh geschrieben) 9.6.190.
Bei dieser Karte hier ist unter die Unterschrift mit Bleistift (vermutlich von P. Josef Schock) ""Baronin Clara Pranckh"" geschrieben.";Autographensammlung A2, Freiherrn O-Z;;Maria Prüller;2026-06-30 12:46:13;2026-06-30 14:54:31;Nein;;
9.6.189;Brief;Pranckh, Clara Freifrau von;Schock, P. Josef (vermutlich - siehe 9.6.186);19061004;Pux bei Teufenbach;"Clara von Pranckh bedankt sich beim Adressat (""Sehr verehrter hochwürdiger Herr"") für die hübschen und interessanten Ex-Libris und bittet um Geduld, weil sie ihrerseits die versprochenen Ex-Libris erst nach ihrer Rückkehr nach München übersenden kann. Das von Arpad Schmidhammer gezeichnete Ex-Libris hat sie interessiert, weil sie von diesem jungen Künstler in München öfter gehört hat, und die Schwanthaler-Gotik des Ex-Libris von P. Bautraxler scheint ihr Münchner Ursprung zu haben, denn sie würden sich mit den kunstgewerblichen Erzeugnissen der Zeit von König Ludwig I. zu decken. 
Clara von Pranckh freut sich, im Adressaten (vermutlich P. Josef Schock) einen Mann verehren zu dürfen, dem das Wohl der Jugend am Herzen liegt und der die Sinne der Kinder zu fesseln und veredeln weiß.
Sie entschuldigt sich auch noch dafür, dass ihr Mann die besprochenen Siegelabdrücke etc. erst gegen Ende Oktober übersenden kann.";"Siehe auch 9.6.183 und 9.6.185-188 sowie (aber nicht von Clara Freifrau von Pranckh geschrieben) 9.6.190.
Beim im Brief erwähnten Künstler Arpad Schmidhammer handelt es sich um einen deutschen Buchillustrator und Karikaturist (1857-1921).";Autographensammlung A2, Freiherrn O-Z;;Maria Prüller;2026-06-30 13:30:31;2026-06-30 14:55:12;Nein;;
9.6.190;Fragment;;Schock, P. Josef;;;Biographische Notizen zu Sigmund Frh. Pranckh;Siehe auch die Dokumente 9.6.183 und 9.6.185-189, die vermutlich alle von Clara Freifrau von Pranckh geschrieben und an P. Josef Schock gerichtet sind.;Autographensammlung A2, Freiherrn O-Z;;Maria Prüller;2026-06-30 14:14:55;2026-06-30 14:48:24;Nein;;
9.6.191;Brief;Rosenfeld, Ludwig Baron;;19130504;Wien;"Baron Rosenfeld schreibt an ""Verehrter Herr Professor"" mit der Bitte um Auskunft, ob ein Sohn eines Bekannten, der in die 2. Klasse Gymnasium geht, ab dem nächsten Schuljahr im Stiftsgymnasium Seitenstetten aufgenommen werden könnte, was für Unterricht und Verpflegung im Stift zu zahlen wäre, was für nicht obligate Gegenstände existieren würden wie Musik oder Sprachen und was das kostet. Der Sohn sei ein Graf aus einer sehr guten Familie.";"Handschriftlich ist mit Bleistift auf diesen Brief von anderer Hand vermerkt:
""Musikstunde 1.50 K - Sprachen von der IV. Klasse an"" und ""Ludwig Baron Rosenfeld""";Autographensammlung A2, Freiherrn O-Z;;Maria Prüller;2026-06-30 14:41:38;2026-06-30 18:20:34;Nein;;
9.6.192;Visitenkarte;Pusswald, Carl Freiherr von;;;;;Karl Freiherr von Pusswald (*1825 in Prag, +1895 in Wien)war Jurist und österreichischer Beamter, ab 1873 Ministerialrat, ab 1874 Sekionschef und Vorstand der neuerrichteten Eisenbahnsektion, 1886 einige Monate Handelsminister, Verdienste um die Ausarbeitung von Eisenbahngesetzen, 1881 in den Freiherrnstand erhoben, 1883 geheimer Rat, 1887 lebenslängliches Mitglied des Herrenhauses;Autographensammlung A2, Freiherrn O-Z;;Maria Prüller;2026-06-30 14:55:32;2026-06-30 15:04:29;Nein;;
9.6.193;Brief;;;18970209;Vasvárengje;;Der Brief ist leider auf Ungarisch verfasst.;Autographensammlung A2, Freiherrn O-Z;;Maria Prüller;2026-06-30 15:04:32;2026-06-30 15:16:07;Nein;;
9.6.194;Brief;Raule, Baronin Emilie;;18860831;;;;Autographensammlung A2, Freiherrn O-Z;;;2026-06-30 15:16:12;2026-06-30 15:50:29;Nein;;
9.6.195;Visitenkarte;Raule, La Baronne;;;;;"née Baronne d'Eskeles
Diese Visitenkarte, auf der außer dem Namen nur ""p.f."" steht, war in den Brief 9.6.194 eingelegt.";Autographensammlung A2, Freiherrn O-Z;;Maria Prüller;2026-06-30 15:50:31;2026-06-30 15:52:25;Nein;;
9.6.196;Fragment;Redl;;;;"Fragment mit ""Dein ergebener Redl""";"Hinten auf dem Fragment mit der Unterschrift gibt es eine Bleistiftnotiz (vermutlich von P. Josef Schock) in Gabelsberger Kurzschrift, bei der der Name Rottenhausen und Rasztina zu entziffern ist und ""geboren 1830"".
Die Familie Redl von Rottenhausen und Rasztina wurde 1759 von Maria Theresia in den Adelsstand erhoben.";Autographensammlung A2, Freiherrn O-Z;;Maria Prüller;2026-06-30 15:52:41;2026-06-30 16:02:11;Nein;;
9.6.197;Partezettel;Risenfels, Maria Theodor Reichsfrei- und Panierherr;Schock, P. Josef;18951229;Schloss Rohrbach;Parte für Maria Theodor von Risenfels, verstorben am 29. Dezember 1895 an Herzschlag im 76. Lebensjahr, mit Angabe des Begräbnistermins am 1. Jänner 1896, Einsegnung  um 2.00 Uhr nachmittags in der Schlosskapelle von Rohrbach, Beisetzung am Ortsfriedhof von Weistrach;Er war wirklicher geheimer Rat, Kämmerer und Major d. R., Besitzer des Militärverdinstkreuzes K.-D., Landcomthur des hohen Deutschen Ritter-Ordensm ehrenbürger und Ehrenmitglied mehrerer Gemeinden und Vereine;Autographensammlung A2, Freiherrn O-Z;;Maria Prüller;2026-06-30 16:03:49;2026-06-30 16:16:39;Nein;;
9.6.198;Brief;Risenfels, Baronin;;;Seisenegg;"Baronin Risenfels bedankt sich beim Adressat (""Hochwürden Herr Professor"") für die liebenswürdige Karte. Er hätte nun das Rätsel um den Ofen gelöst. Sie ist geschmeichelt und erfreut, wie er seines Besuches bei ihnen gedenkt und sich für Seisenegg begeistert und sie lädt zu weiteren Besuchen ein. baronin Risenfels zeigt sich auch sehr gerührt, dass Seine Gnaden die Liebenswürdigkeit hatte, sie trotz des weiten Weges aufzusuchen.";Als Datierung nur angegeben: 31.1. - Da der Brief in die Parte 9.6.198 vom 29. Dezember 1895 eingelegt war, kann vermutet werden, dass er aus dem Jahr 1896 stammt.;Autographensammlung A2, Freiherrn O-Z;;Maria Prüller;2026-06-30 16:16:41;2026-06-30 16:24:32;Nein;;
9.6.199;Brief;;;18760801;Ischl;"Die Schreiberin dankt dem Adressaten (""Euer Wohlgeboren"") für seine freundliche Mitteilung und bedauert sehr, dass sein Gesuch abschlägig beantwortet wurde, hofft aber, dass die Angelegenheit nur aufgeschoben ist, denn sie hat sich schon gewöhnt, Anna als ihr Kind zu betrachten. Sie hofft auch, dass es Marie schon besser geht und sendet Empfehlungen an die Gattin und Grüße an die Kinder des Adressaten.";"Der Name der Absendern konnte leider von mir noch nicht entziffert werden. 
Da die Absenderin Empfehlungen an die Gattin und Grüße an die Kinder des Adressaten schickt, kann dieser Brief sicher nicht an P. Josef Schock gerichtet gewesen sein.";Autographensammlung A2, Freiherrn O-Z;;Maria Prüller;2026-06-30 16:31:04;2026-06-30 16:52:05;Nein;;
9.6.200;Brief;Romaszkan, Freiherrr Jakub;;1912 (?);Wien, 1. Bezirk, Kaiser Wilhelmring 16;"Der Schreiber bittet den Adressaten (""Durchlaucht""), ihn auf den Gratulationsbogen für den Namenstag seines Hohen Herrn aufzuschreiben. Sollte sich seine Kaiserliche Hoheit an den Schreiber erinnern, dann bittet er, ihm mitzuteilen, dass er nun seinen Besitz in Horodenka an Fürst Andreas Lubomirski verkauft hätte und ganz nach Wien ins Pallais Leitenberger gezogen sei.";Baron Romaszkan verkaufte seine Domäne horodenka im Jahr 1912, daher liegt die Vermutung nahe, dass der Brief aus dem Jahr 1912 oder 1913 ist.;Autographensammlung A2, Freiherrn O-Z;;Maria Prüller;2026-06-30 16:52:08;2026-06-30 17:24:51;Nein;;